scenario,detector,B,block rule (steps),gain,gain retained,displacement,caught,net U (m=5),net U (m=10)
ring ignoring detection,none,0,1,978360.75,1.0,15.97634154040404,,,
default ring (not adaptive),scan,1,1,75828.28125,0.07750544086115474,2.615830176767677,1.0,-312215.625,-700259.53125
default ring (not adaptive),scan,3,1,75828.28125,0.07750544086115474,2.615830176767677,1.0,-312215.625,-700259.53125
default ring (not adaptive),scan,10,1,75828.28125,0.07750544086115474,2.615830176767677,1.0,-312215.625,-700259.53125
default ring (not adaptive),gbm,1,1,75828.28125,0.07750544086115474,2.615830176767677,1.0,-312215.625,-700259.53125
default ring (not adaptive),gbm,3,1,75828.28125,0.07750544086115474,2.615830176767677,1.0,-312215.625,-700259.53125
default ring (not adaptive),gbm,10,1,75828.28125,0.07750544086115474,2.615830176767677,1.0,-312215.625,-700259.53125
adaptive ring,scan,1,1,11881.96875,0.012144772518725838,0.6276041666666666,0.5625,-47999.59375,-107881.15625
adaptive ring,scan,3,1,21292.1875,0.021763125207138575,0.585458812021312,0.9375,-122146.09375,-265584.375
adaptive ring,scan,10,1,12059.75,0.01232648591023301,0.38598484848484843,1.0,-72025.40625,-156110.5625
adaptive ring,gbm,1,1,15665.0625,0.01601154022174336,0.44970862470862477,0.8125,-94302.90625,-204270.875
adaptive ring,gbm,3,1,-99.0625,-0.00010125355090134187,0.03866792929292934,1.0,-77657.1875,-155215.3125
adaptive ring,gbm,10,1,12059.75,0.01232648591023301,0.38598484848484843,1.0,-72025.40625,-156110.5625
"block priced at trailing mean, no inspection",none,0,240,9507.29687499741,0.009717577974175077,0.23655296092790049,,,
block rule + scan inspection,scan,3,240,1654.593750000614,0.0016911898295190336,0.06876631181320603,1.0,-37434.781249997,-76524.15624999462
