ticker,start,end,type,accounts,decided,source,confidence,include,note
FIR,2022-01-04,2022-06-17,cross trading among own accounts,76,SSC 2023-11 and 2024-01,https://tuoitre.vn/dung-76-tai-khoan-thao-tung-gia-co-phieu-mot-ca-nhan-bi-phat-1-5-ti-dong-20231110212438501.htm,press quoting decision,yes,two decisions with the same window; one label
SJS,2023-04-10,2024-01-10,continuous buying and selling,26,SSC 2026-01-08,https://thoibaotaichinhvietnam.vn/hai-ca-nhan-bi-xu-phat-3-ty-dong-do-thao-tung-co-phieu-sjs-cam-giao-dich-chung-khoan-2-nam-190338.html,press quoting decision,yes,
PDR,2022-08-15,2022-12-09,cross trading among own accounts,164,SSC 2025-03-21,https://baovanhoa.vn/kinh-te/ubcknn-phat-2-nguoi-dung-164-tai-khoan-de-thao-tung-co-phieu-pdr-125306.html,press quoting decision,yes,
PSH,2021-02-01,2022-05-27,negotiated trades within a group,26,SSC 2024-05-27,https://thoibaotaichinhvietnam.vn/thao-tung-co-phieu-psh-bon-ca-nhan-bi-xu-phat-6-ty-dong-va-cam-giao-dich-chung-khoan-151851.html,press quoting decision,yes,trades were on the negotiated system; may not appear in the order book
AGG,2020-12-01,2022-12-31,continuous buying and selling,92,SSC 2025-09 (year inferred),https://thitruongtaichinhtiente.vn/xu-phat-mot-ca-nhan-dung-92-tai-khoan-thao-tung-gia-co-phieu-bat-dong-san-an-gia-agg-suot-2-nam-70808.html,press quoting decision,yes,decision year inferred
PPT,2022-06-17,2024-10-17,continuous buying and selling,19,SSC decision 881,https://thoibaotaichinhvietnam.vn/thao-tung-co-phieu-ppt-hai-ca-nhan-bi-xu-phat-3-ty-dong-cam-giao-dich-chung-khoan-186969.html,press quoting decision,yes,
CRC,2025-03-03,2025-08-01,cross trading,10,SSC 2025-12-22,https://vietnamfinance.vn/thao-tung-chung-khoan-mot-ca-nhan-bi-phat-15-ty-dong-8-nguoi-bi-cam-giao-dich-vi-tiep-tay-d137814.html,press quoting decision,yes,
GKM,2021-08-02,2022-01-28,fake supply and demand to push the price up,23,SSC 2023-12-21,https://tuoitre.vn/tao-23-tai-khoan-thao-tung-thi-truong-chung-khoan-mot-nha-dau-tu-bi-phat-1-5-ti-dong-20231222190331026.htm,press quoting decision,yes,
PAS,2021-01-04,2022-12-30,continuous buying and selling,19,SSC 2026-02-12,https://tuoitre.vn/phat-1-5-ty-dong-voi-ba-bui-thi-phuong-thuy-thao-tung-thi-truong-chung-khoan-20260213160545137.htm,press quoting decision,yes,UPCoM
HCI,2019-12-13,2020-07-16,cross matched orders among own accounts,5,SSC 2024-05-30,https://thitruongtaichinhtiente.vn/thao-tung-co-phieu-hci-mot-ca-nhan-bi-phat-hon-nua-ty-dong-59385.html,press quoting decision,yes,
HNG,2015-07-20,2016-04-01,multi-account fake supply and demand,42,SSC 2017-08-10,https://vtcnews.vn/lam-tro-tren-san-chung-khoan-hang-loat-nha-dau-tu-bi-phat-nang-ar348356.html,press quoting decision,yes,before the first date with scores; drops out by coverage
FLC,2020-09-01,2022-01-10,order then cancel and matched trades within a group,500,Hanoi court 2024-08-05,https://sggp.org.vn/bi-cao-trinh-van-quyet-bi-phat-21-nam-tu-post752618.html,police findings,no,month-level start; ticker may be delisted
HAI,2017-06-01,2018-02-28,same scheme as FLC,500,Hanoi court 2024-08-05,https://tinnhanhchungkhoan.vn/tu-vu-flc-can-lam-sach-thi-truong-chung-khoan-post333323.html,police findings,no,month-level window
BII,2021-01-01,2021-10-06,multiple accounts,unknown,Hanoi court 2023-05-12,https://sggp.org.vn/tuyen-phat-cuu-chu-tich-hdqt-cong-ty-co-phan-louis-holdings-5-nam-6-thang-tu-post689365.html,end date confirmed; start month only,no,start day not found
TGG,2021-01-01,2021-10-06,multiple accounts,unknown,Hanoi court 2023-05-12,https://baodautu.vn/hoan-tat-cao-trang-truy-to-nhom-doi-tuong-vu-thao-tung-chung-khoan-bii-tgg-d182189.html,end date confirmed; start month only,no,start day not found
