family,market,L,static strategy,adaptive strategy,gain no rule,static gain,adaptive gain,static ratio,adaptive ratio,block term ratio (static),push duration a,linear-ramp law
index level,1,1,0,0,20362.208333333332,20362.208333333332,20362.208333333332,1.0,1.0,1.0,83.0,0.9939759036144579
index level,1,5,0,0,20362.208333333332,18337.208333333332,18337.208333333332,0.9005510617094986,0.9005510617094986,0.9725423728813559,83.0,0.9698795180722891
index level,1,15,0,0,20362.208333333332,11903.87499999999,11903.87499999999,0.5846062865643662,0.5846062865643662,0.8853107344632767,83.0,0.9096385542168675
index level,1,30,0,0,20362.208333333332,820.5416666665042,820.5416666665042,0.040297282752149305,0.040297282752149305,0.7350282485875684,83.0,0.8192771084337349
index level,1,60,0,0,20362.208333333332,-23058.624999999975,-23058.624999999975,-1.1324226047845978,-1.1324226047845978,0.41124293785310767,83.0,0.6385542168674698
index level,1,120,0,3,20362.208333333332,-37391.95833333336,20660.999999999956,-1.836341015729713,1.014673834083973,0.2168926553672313,83.0,0.3458333333333333
index level,1,240,0,0,20362.208333333332,-29586.229166666668,-29586.229166666668,-1.4529970758738104,-1.4529970758738104,0.3227330508474576,83.0,0.17291666666666666
index level,1,480,0,1,20362.208333333332,-32776.183938985974,4114.710867073695,-1.6096576266401676,0.20207586523598392,0.2794794268160094,83.0,0.08645833333333333
index level,5,1,0,0,163128.625,163128.625,163128.625,1.0,1.0,1.0,83.0,0.9939759036144579
index level,5,5,0,0,163128.625,162278.62499999997,162278.62499999997,0.9947893878220329,0.9947893878220329,0.9919905771495876,83.0,0.9698795180722891
index level,5,15,0,0,163128.625,151003.62500000003,151003.62500000003,0.9256721498142955,0.9256721498142955,0.8857479387514727,83.0,0.9096385542168675
index level,5,30,0,0,163128.625,136853.62499999997,136853.62499999997,0.838930782381081,0.838930782381081,0.7524146054181389,83.0,0.8192771084337349
index level,5,60,0,0,163128.625,106459.87499999993,106459.87499999993,0.6526130836939251,0.6526130836939251,0.46601884570082375,83.0,0.6385542168674698
index level,5,120,0,0,163128.625,80373.41666666669,80373.41666666669,0.4926996513742863,0.4926996513742863,0.2202100510404399,83.0,0.3458333333333333
index level,5,240,0,0,163128.625,59086.958333333336,59086.958333333336,0.3622108525302248,0.3622108525302248,0.019630938358853503,83.0,0.17291666666666666
index level,5,480,0,0,163128.625,-1400.9156600330207,-1400.9156600330207,-0.008587797880556037,-0.008587797880556037,-0.5503372500356468,83.0,0.08645833333333333
index level,11,1,2,2,173374.75,173374.75,173374.75,1.0,1.0,1.0,72.0,0.9930555555555556
index level,11,5,2,2,173374.75,170099.74999999994,170099.74999999994,0.9811102827833923,0.9811102827833923,0.9733197556008142,72.0,0.9652777777777778
index level,11,15,2,2,173374.75,156283.08333333337,156283.08333333337,0.9014177862308864,0.9014177862308864,0.8607603530210458,72.0,0.8958333333333334
index level,11,30,2,2,173374.75,137324.75000000003,137324.75000000003,0.7920689143026884,0.7920689143026884,0.7063136456211816,72.0,0.7916666666666666
index level,11,60,2,2,173374.75,102162.24999999987,102162.24999999987,0.5892567977747617,0.5892567977747617,0.41985743380855295,72.0,0.5833333333333333
index level,11,120,2,2,173374.75,77339.33333333326,77339.33333333326,0.44608187370613805,0.44608187370613805,0.21763408010862123,72.0,0.3
index level,11,240,2,2,173374.75,61169.02083333329,61169.02083333329,0.35281389494913934,0.35281389494913934,0.08590037338764399,72.0,0.15
index level,11,480,2,3,173374.75,21094.641151685315,-7533.12217292964,0.12167078050111285,-0.04344993819993765,-0.24057115151376526,72.0,0.075
index level,19,1,0,0,12738.333333333334,12738.333333333334,12738.333333333334,1.0,1.0,1.0,83.0,0.9939759036144579
index level,19,5,0,0,12738.333333333334,9738.333333333363,9738.333333333363,0.7644903833573227,0.7644903833573227,0.9630200308166413,83.0,0.9698795180722891
index level,19,15,0,0,12738.333333333334,1446.6666666666206,1446.6666666666206,0.11356797069213297,0.11356797069213297,0.8608115048793009,83.0,0.9096385542168675
index level,19,30,0,0,12738.333333333334,-9932.499999999947,-9932.499999999947,-0.7797330891011341,-0.7797330891011341,0.7205444273240891,83.0,0.8192771084337349
index level,19,60,0,0,12738.333333333334,-37578.33333333334,-37578.33333333334,-2.9500196258013873,-2.9500196258013873,0.3797637390857729,83.0,0.6385542168674698
index level,19,120,0,0,12738.333333333334,-49818.95833333338,-49818.95833333338,-3.9109479262069904,-3.9109479262069904,0.22887776065742102,83.0,0.3458333333333333
index level,19,240,0,0,12738.333333333334,-29861.145833333376,-29861.145833333376,-2.3441956692398307,-2.3441956692398307,0.4748908577298403,83.0,0.17291666666666666
index level,19,480,0,1,12738.333333333334,-12445.717141390414,7237.552083333292,-0.9770286909373608,0.5681710388590835,0.6895648631775193,83.0,0.08645833333333333
index level,20,1,2,2,162675.375,162675.375,162675.375,1.0,1.0,1.0,72.0,0.9930555555555556
index level,20,5,2,2,162675.375,160650.37500000003,160650.37500000003,0.9875518959154084,0.9875518959154084,0.9824295010845988,72.0,0.9652777777777778
index level,20,15,2,2,162675.375,148483.7083333333,148483.7083333333,0.9127608178762969,0.9127608178762969,0.8768618944323932,72.0,0.8958333333333334
index level,20,30,2,2,162675.375,130533.70833333318,130533.70833333318,0.8024183643857171,0.8024183643857171,0.7211135213304397,72.0,0.7916666666666666
index level,20,60,2,2,162675.375,96233.70833333331,96233.70833333331,0.5915689964343609,0.5915689964343609,0.4234996384671003,72.0,0.5833333333333333
index level,20,120,2,2,162675.375,73808.7083333333,73808.7083333333,0.4537177697198073,0.4537177697198073,0.22892263195950802,72.0,0.3
index level,20,240,2,2,162675.375,62952.45833333348,62952.45833333348,0.38698210059963584,0.38698210059963584,0.13472523499638597,72.0,0.15
index level,20,480,2,2,162675.375,30945.95863483884,30945.95863483884,0.1902313649797263,0.1902313649797263,-0.14298842833111636,72.0,0.075
index level,26,1,2,2,140027.91666666666,140027.91666666666,140027.91666666666,1.0,1.0,1.0,72.0,0.9930555555555556
index level,26,5,2,2,140027.91666666666,134577.91666666677,134577.91666666677,0.9610791895663671,0.9610791895663671,0.9574634146341473,72.0,0.9652777777777778
index level,26,15,2,2,140027.91666666666,120177.91666666667,120177.91666666667,0.8582425528242881,0.8582425528242881,0.8450731707317073,72.0,0.8958333333333334
index level,26,30,2,2,140027.91666666666,100765.41666666663,100765.41666666663,0.7196094826329271,0.7196094826329271,0.6935609756097557,72.0,0.7916666666666666
index level,26,60,2,2,140027.91666666666,61821.666666666664,61821.666666666664,0.4414952970687393,0.4414952970687393,0.389609756097561,72.0,0.5833333333333333
index level,26,120,2,2,140027.91666666666,37087.29166666672,37087.29166666672,0.264856412560591,0.264856412560591,0.19656097560975655,72.0,0.3
index level,26,240,2,2,140027.91666666666,27882.083333333314,27882.083333333314,0.19911803301127443,0.19911803301127443,0.12471544715447137,72.0,0.15
index level,26,480,2,2,140027.91666666666,-7339.357135821713,-7339.357135821713,-0.05241352803450536,-0.05241352803450536,-0.15018360040966544,72.0,0.075
stock level,14,1,0,0,362355.4166666667,362355.4166666667,362355.4166666667,1.0,1.0,1.0,83.0,0.9939759036144579
stock level,14,5,0,0,362355.4166666667,356205.41666666674,356205.41666666674,0.9830277133523373,0.9830277133523373,0.9613511390416345,83.0,0.9698795180722891
stock level,14,15,0,0,362355.4166666667,338130.41666666674,338130.41666666674,0.933145748936645,0.933145748936645,0.8477611940298511,83.0,0.9096385542168675
stock level,14,30,0,0,362355.4166666667,313467.9166666668,313467.9166666668,0.8650841197581107,0.8650841197581107,0.6927729772191681,83.0,0.8192771084337349
stock level,14,60,0,0,362355.4166666667,274690.8333333333,274690.8333333333,0.7580701728160542,0.7580701728160542,0.4490835297198219,83.0,0.6385542168674698
stock level,14,120,0,0,362355.4166666667,238732.5000000001,238732.5000000001,0.6588351905875104,0.6588351905875104,0.2231081434930615,83.0,0.3458333333333333
stock level,14,240,0,0,362355.4166666667,185779.89583333328,185779.89583333328,0.5127007553587464,0.5127007553587464,-0.10966548834773535,83.0,0.17291666666666666
stock level,14,480,0,2,362355.4166666667,58273.546858906455,-5143.817239582175,0.16081875467729714,-0.014195502545264858,-0.9109622611642432,83.0,0.08645833333333333
stock level,19,1,0,0,-137.625,-137.625,-137.625,,,1.0,83.0,0.9939759036144579
stock level,19,5,0,0,-137.625,-3237.6249999999927,-3237.6249999999927,,,0.9677083333333333,83.0,0.9698795180722891
stock level,19,15,0,0,-137.625,-14887.624999999942,-14887.624999999942,,,0.8463541666666673,83.0,0.9096385542168675
stock level,19,30,0,0,-137.625,-32258.458333333285,-32258.458333333285,,,0.6654079861111117,83.0,0.8192771084337349
stock level,19,60,0,0,-137.625,-66223.0416666667,-66223.0416666667,,,0.3116102430555552,83.0,0.6385542168674698
stock level,19,120,0,0,-137.625,-75274.08333333337,-75274.08333333337,,,0.21732855902777742,83.0,0.3458333333333333
stock level,19,240,0,0,-137.625,-39026.166666666664,-39026.166666666664,,,0.5949110243055555,83.0,0.17291666666666666
stock level,19,480,0,0,-137.625,-5400.823396709578,-5400.823396709578,,,0.945175016700942,83.0,0.08645833333333333
stock level,23,1,2,2,455304.0,455304.0,455304.0,1.0,1.0,1.0,72.0,0.9930555555555556
stock level,23,5,2,2,455304.0,440679.0,440679.0,0.9678786041853356,0.9678786041853356,0.9376996805111821,72.0,0.9652777777777778
stock level,23,15,2,2,455304.0,410303.99999999994,410303.99999999994,0.9011649359548783,0.9011649359548783,0.8083067092651752,72.0,0.8958333333333334
stock level,23,30,2,2,455304.0,373470.6666666667,373470.6666666667,0.8202666057549828,0.8202666057549828,0.6514022009229675,72.0,0.7916666666666666
stock level,23,60,2,2,455304.0,314366.5,314366.5,0.6904540702475709,0.6904540702475709,0.3996272630457933,72.0,0.5833333333333333
stock level,23,120,2,2,455304.0,269416.5,269416.5,0.5917288229402773,0.5917288229402773,0.20814696485623002,72.0,0.3
stock level,23,240,2,2,455304.0,198172.7499999999,198172.7499999999,0.43525369862772983,0.43525369862772983,-0.09534078807241779,72.0,0.15
stock level,23,480,2,2,455304.0,49464.25786071081,49464.25786071081,0.10864006874683906,0.10864006874683906,-0.7288167929256195,72.0,0.075
stock level,39,1,2,2,359921.5416666667,359921.5416666667,359921.5416666667,1.0,1.0,1.0,72.0,0.9930555555555556
stock level,39,5,2,2,359921.5416666667,351896.5416666665,351896.5416666665,0.9777034740325925,0.9777034740325925,0.9565335138794848,72.0,0.9652777777777778
stock level,39,15,2,2,359921.5416666667,329296.5416666666,329296.5416666666,0.9149120114950977,0.9149120114950977,0.834123222748815,72.0,0.8958333333333334
stock level,39,30,2,2,359921.5416666667,298392.37500000006,298392.37500000006,0.8290483909861375,0.8290483909861375,0.6667343714737085,72.0,0.7916666666666666
stock level,39,60,2,1,359921.5416666667,246521.54166666672,6144.333333333373,0.6849313339932767,0.017071313111410847,0.38578199052132717,72.0,0.5833333333333333
stock level,39,120,2,1,359921.5416666667,212308.0,-3382.7500000000487,0.5898730012571026,-0.009398576101713043,0.20046829158203572,72.0,0.3
stock level,39,240,2,2,359921.5416666667,174956.95833333334,174956.95833333334,0.48609749092307963,0.48609749092307963,-0.0018393139246220078,72.0,0.15
stock level,39,480,2,2,359921.5416666667,90939.26776549059,90939.26776549059,0.2526641427028337,0.2526641427028337,-0.4569114361607371,72.0,0.075
stock level,49,1,2,2,233736.20833333334,233736.20833333334,233736.20833333334,1.0,1.0,1.0,72.0,0.9930555555555556
stock level,49,5,2,2,233736.20833333334,225761.20833333328,225761.20833333328,0.9658803398204062,0.9658803398204062,0.955540069686411,72.0,0.9652777777777778
stock level,49,15,2,2,233736.20833333334,204561.20833333328,204561.20833333328,0.8751798011611734,0.8751798011611734,0.8373519163763065,72.0,0.8958333333333334
stock level,49,30,2,2,233736.20833333334,173598.70833333317,173598.70833333317,0.7427120922820929,0.7427120922820929,0.6647386759581873,72.0,0.7916666666666666
stock level,49,60,2,2,233736.20833333334,122482.04166666669,122482.04166666669,0.5240182620400599,0.5240182620400599,0.37976771196283404,72.0,0.5833333333333333
stock level,49,120,2,2,233736.20833333334,89558.08333333318,89558.08333333318,0.38315879243498974,0.38315879243498974,0.19621951219512102,72.0,0.3
stock level,49,240,2,2,233736.20833333334,62298.708333333205,62298.708333333205,0.2665342643211207,0.2665342643211207,0.04425087108013866,72.0,0.15
stock level,49,480,2,2,233736.20833333334,-9391.094080687739,-9391.094080687739,-0.04017817413763731,-0.04017817413763731,-0.35541353262172026,72.0,0.075
stock level,61,1,0,0,162787.625,162787.625,162787.625,1.0,1.0,1.0,83.0,0.9939759036144579
stock level,61,5,0,0,162787.625,162437.6249999999,162437.6249999999,0.9978499594179835,0.9978499594179835,0.9968468468468459,83.0,0.9698795180722891
stock level,61,15,0,0,162787.625,153045.95833333317,153045.95833333317,0.940157203800554,0.940157203800554,0.9122372372372359,83.0,0.9096385542168675
stock level,61,30,0,0,162787.625,138550.12500000012,138550.12500000012,0.8511096896953937,0.8511096896953937,0.7816441441441452,83.0,0.8192771084337349
stock level,61,60,0,0,162787.625,104408.45833333347,104408.45833333347,0.6413783500639774,0.6413783500639774,0.47406156156156287,83.0,0.6385542168674698
stock level,61,120,0,0,162787.625,78192.83333333327,78192.83333333327,0.48033647111279665,0.48033647111279665,0.23788475975975923,83.0,0.3458333333333333
stock level,61,240,0,0,162787.625,65637.10416666661,65637.10416666661,0.403206964698125,0.403206964698125,0.12477008258258208,83.0,0.17291666666666666
stock level,61,480,0,3,162787.625,18983.37995550149,-1257.3703510341973,0.11661439225187718,-0.007723992232420598,-0.2955337391396263,83.0,0.08645833333333333
