family,episode,cancel_share,rel_tick_bps,daily_vol_pct,retail_share,spread_ticks
index level,0,0.30953405168343634,19.952523495409082,0.9555897543219326,0.7148456701188196,3.0471929824561403
index level,1,0.3361015514809591,19.133083350088768,0.9742626424660885,0.6988192925307835,2.8508771929824563
index level,2,0.3237188338875203,19.538946004122717,0.9423219942861383,0.6918687654017878,2.914561403508772
index level,3,0.31907169166147775,20.086590826277774,0.8423480757861673,0.7357905328550179,3.234385964912281
index level,4,0.3152719078721924,21.21762753050453,1.387599568708513,0.7406558999428391,3.252105263157895
index level,5,0.2982422793345272,19.667915866866842,1.176341595488074,0.742622171362259,3.3021052631578947
index level,6,0.32729494958313327,19.95422780201555,0.9911714447111867,0.7010394785477952,2.885438596491228
index level,7,0.3299078896397366,20.542431924813258,1.2115761140399408,0.7240501441284495,3.0408771929824563
index level,8,0.31141310117846904,20.185762132041447,1.3485471935859885,0.6944926922262232,2.982280701754386
index level,9,0.2987176665933143,20.682583305454177,0.9825755926101015,0.7365624099625444,3.3764912280701753
index level,10,0.3392714491132769,18.709543689000117,0.8775141556346049,0.6938224012091181,2.849298245614035
index level,11,0.3234302457100385,18.34685797182245,0.9737221174077654,0.7138176472170179,2.9796491228070177
index level,12,0.32600991421663333,19.693466018924386,0.9816498778659364,0.7245095935899708,3.042105263157895
index level,13,0.2978147301881285,20.248678640503716,1.0014318169661232,0.7350883978790955,3.36719298245614
index level,14,0.30712049668631497,17.30050506851683,1.0057996201978763,0.709309740156225,3.0587719298245615
index level,15,0.32849618637585504,21.794256104685843,1.1462043970356817,0.7125316755692487,3.0673684210526315
stock level,0,0.2749749960878233,22.416300189653697,1.572860190705138,0.7281245347147706,3.460526315789474
stock level,1,0.2729432174551278,19.590988282870498,1.5310387735585165,0.7440251957571489,3.5442105263157893
stock level,2,0.2842516766555006,16.930678820715844,1.1756311277097162,0.7252119804918273,3.365087719298246
stock level,3,0.2771311669428195,18.845825443021546,1.2690195945939902,0.7410534332951655,3.528947368421053
stock level,4,0.2677458625341361,17.568013640175643,1.6457886083566395,0.7511907501726087,3.6866666666666665
stock level,5,0.27184439810221833,24.30816095328931,2.170064859501677,0.7285115303983228,3.449298245614035
stock level,6,0.2898479823305539,19.39698186365181,0.9318422059443459,0.7137949039844909,3.277017543859649
stock level,7,0.28266598948538796,17.527440822977923,1.1222141486366528,0.7361602288682213,3.533157894736842
stock level,8,0.2889483986930483,18.682674769047722,1.0354327309125404,0.702595250318059,3.186315789473684
stock level,9,0.2821423654137409,21.977966895398183,1.5701363155841166,0.7246289027370737,3.3773684210526316
stock level,10,0.27649667256565713,18.39711429965736,1.4055738182250472,0.7414012804840147,3.537543859649123
stock level,11,0.2739188763706553,24.073695918389323,1.693681330146016,0.7295859062840537,3.4471929824561403
stock level,12,0.27521446464307203,16.641378583480012,1.4733942893071053,0.7092808316568888,3.38
stock level,13,0.28826641104838996,20.478312299651602,1.2451579401707076,0.716991643454039,3.2689473684210526
stock level,14,0.28069644417233625,22.014798192855427,1.6023493774710473,0.7246765823517647,3.42859649122807
stock level,15,0.28167066518249134,16.934262677746627,1.510389304592348,0.7254969556823727,3.3789473684210525
