family,market,vol at acceptance (%),"vol, 16-episode mean (%)",vol s.e. (%),cancel share,retail share,spread (ticks)
index level,1,1.0763341832624644,1.1023580199496508,0.05749739364491585,0.3164456375438531,0.7110679356609031,3.0441447368421053
index level,5,1.132507143916153,1.6265988545225638,0.12207558621335679,0.2617482297846151,0.7303811443195096,3.378304668371129
index level,11,1.0846887150832412,1.2584183663961057,0.10126173533864943,0.33050736353997784,0.6994038070486536,3.0660776079823133
index level,19,1.173967654207133,1.3988574728888574,0.0975333832111063,0.32833900644281355,0.6702110873336958,2.8645648167072393
index level,20,0.9321886957882302,1.19001289517213,0.0591752570801675,0.2709317303665353,0.7520647431755688,3.45797149122807
index level,26,1.18224528599145,1.2224494594073985,0.0982904022154151,0.30339829143132546,0.7239873413074778,3.2665281736892444
stock level,14,2.0253786963686045,1.6460830323883386,0.07830170211425858,0.2768553525965707,0.7275728904294567,3.4508333333333336
stock level,19,2.1894277757685137,2.5813341891435186,0.17359921606227077,0.2756957049879348,0.6627822038392723,3.169790970425826
stock level,23,2.477762067123068,2.058955902391895,0.1444267474546951,0.3022882831279613,0.6921620129960718,3.353912919355542
stock level,39,2.188367479882248,2.2299071947421623,0.15582934669613493,0.2771470382944213,0.6721852731375997,3.2253645441498104
stock level,49,2.4241098609383114,2.8744839957626436,0.2333130928761741,0.2647684381340648,0.6954847937288908,3.4338190313086487
stock level,61,1.8429394720676784,1.81131307763126,0.15730878594789374,0.2823426473351167,0.709166459206281,3.2827119462830723
