family,episode,day,ret
index level,0,0,0.005964214711729587
index level,0,1,0.006916996047430901
index level,0,2,-0.001962708537782132
index level,0,3,0.000983284169124854
index level,0,4,0.01080550098231825
index level,0,5,0.0038872691933915515
index level,0,6,-0.011616650532429773
index level,0,7,-0.007835455435847183
index level,0,8,-0.005923000987166804
index level,0,9,-0.002979145978152964
index level,0,10,-0.008964143426294813
index level,0,11,-0.012060301507537674
index level,0,12,0.01729399796541209
index level,0,13,0.008000000000000007
index level,0,14,0.008928571428571397
index level,0,15,0.009832841691248762
index level,0,16,-0.009737098344693274
index level,0,17,-0.008849557522123908
index level,0,18,-0.01388888888888884
index level,0,19,-0.017102615694164935
index level,0,20,-0.010235414534288667
index level,0,21,-0.006204756980351611
index level,0,22,-0.02185223725286156
index level,1,0,-0.005899705014749235
index level,1,1,0.001978239366963397
index level,1,2,0.0029615004935834577
index level,1,3,0.007874015748031482
index level,1,4,0.0048828125
index level,1,5,0.01846452866861026
index level,1,6,0.02385496183206115
index level,1,7,0.0018639328984155767
index level,1,8,-0.014883720930232602
index level,1,9,-0.014164305949008527
index level,1,10,-0.0009578544061302763
index level,1,11,-0.003835091083413178
index level,1,12,-0.0038498556304138454
index level,1,13,0.004830917874396157
index level,1,14,-0.004807692307692291
index level,1,15,-0.0038647342995169476
index level,1,16,0.005819592628516057
index level,1,17,0.004821600771456103
index level,1,18,0.0028790786948176272
index level,1,19,0.009569377990430672
index level,1,20,0.019905213270142275
index level,1,21,0.006505576208178487
index level,1,22,0.005540166204986097
index level,2,0,-0.004020100502512558
index level,2,1,0.006054490413723412
index level,2,2,-0.0010030090270812808
index level,2,3,-0.011044176706827336
index level,2,4,-0.013197969543147225
index level,2,5,-0.0092592592592593
index level,2,6,0.010384215991692702
index level,2,7,-0.0010277492291880241
index level,2,8,0.0010288065843622185
index level,2,9,0.008221993833504637
index level,2,10,0.012232415902140747
index level,2,11,0.004028197381671594
index level,2,12,0.011033099297893756
index level,2,13,0.004960317460317443
index level,2,14,0.007897334649555665
index level,2,15,0.007835455435847294
index level,2,16,0.017492711370262315
index level,2,17,0.011461318051575908
index level,2,18,0.022662889518413554
index level,2,19,0.012927054478301114
index level,2,20,0.014585232452142272
index level,2,21,0.01976639712488759
index level,2,22,-0.005286343612334821
index level,3,0,0.006910167818361401
index level,3,1,0.0019607843137254832
index level,3,2,-0.003913894324853229
index level,3,3,-0.0019646365422396617
index level,3,4,0.003937007874015741
index level,3,5,0.002941176470588225
index level,3,6,0.0058651026392961825
index level,3,7,0.006802721088435382
index level,3,8,-0.006756756756756799
index level,3,9,-0.004859086491739606
index level,3,10,-0.0126953125
index level,3,11,-0.013847675568743778
index level,3,12,-0.017051153460381108
index level,3,13,-0.011224489795918391
index level,3,14,0.009287925696594534
index level,3,15,-0.010224948875255602
index level,3,16,-0.0030991735537190257
index level,3,17,0.006217616580310947
index level,3,18,0.004119464469618972
index level,3,19,-0.008205128205128198
index level,3,20,0.0020682523267838704
index level,3,21,0.002063983488132193
index level,3,22,-0.010298661174047319
index level,4,0,-0.007866273352999054
index level,4,1,0.0
index level,4,2,-0.00594648166501488
index level,4,3,-0.003988035892322994
index level,4,4,-0.014014014014014031
index level,4,5,0.0
index level,4,6,0.01116751269035543
index level,4,7,0.007028112449799284
index level,4,8,-0.003988035892322994
index level,4,9,-0.0010010010010009784
index level,4,10,-0.014028056112224463
index level,4,11,-0.023373983739837345
index level,4,12,-0.04162330905306977
index level,4,13,-0.032573289902280145
index level,4,14,-0.015712682379349086
index level,4,15,-0.0022805017103763037
index level,4,16,0.01942857142857135
index level,4,17,-0.010089686098654682
index level,4,18,-0.0045300113250282825
index level,4,19,0.0034129692832765013
index level,4,20,0.005668934240362855
index level,4,21,-0.007891770011273946
index level,4,22,-0.005681818181818232
index level,5,0,-0.004812319538017307
index level,5,1,-0.003868471953578312
index level,5,2,0.002912621359223211
index level,5,3,-0.0038722168441432947
index level,5,4,0.0019436345966958868
index level,5,5,-0.0038797284190106307
index level,5,6,-0.008763388510223957
index level,5,7,-0.017681728880157177
index level,5,8,-0.03300000000000003
index level,5,9,0.014477766287487093
index level,5,10,0.014271151885830724
index level,5,11,0.021105527638190846
index level,5,12,0.0019685039370078705
index level,5,13,-0.004911591355599265
index level,5,14,-0.008884501480750262
index level,5,15,-0.008964143426294813
index level,5,16,0.011055276381909618
index level,5,17,0.011928429423459175
index level,5,18,0.00982318271119853
index level,5,19,0.01653696498054469
index level,5,20,-0.008612440191387516
index level,5,21,-0.01833976833976836
index level,5,22,0.004916420845624492
index level,6,0,0.003012048192771122
index level,6,1,0.013013013013013053
index level,6,2,0.0
index level,6,3,-0.008893280632411016
index level,6,4,-0.009970089730807596
index level,6,5,-0.014098690835850913
index level,6,6,-0.024514811031664974
index level,6,7,0.009424083769633551
index level,6,8,-0.003112033195020736
index level,6,9,0.007284079084287187
index level,6,10,0.00723140495867769
index level,6,11,-0.002051282051282022
index level,6,12,0.01130524152106882
index level,6,13,0.008130081300812941
index level,6,14,0.025201612903225756
index level,6,15,0.007866273352999054
index level,6,16,-0.009756097560975618
index level,6,17,0.009852216748768461
index level,6,18,0.01073170731707318
index level,6,19,0.01158301158301156
index level,6,20,-0.009541984732824416
index level,6,21,0.0019267822736031004
index level,6,22,-0.0009615384615384581
index level,7,0,0.0
index level,7,1,-0.004960317460317443
index level,7,2,-0.01395812562313059
index level,7,3,-0.020222446916076886
index level,7,4,-0.018575851393188847
index level,7,5,-0.003154574132492094
index level,7,6,0.001054852320675037
index level,7,7,-0.012644889357218081
index level,7,8,-0.012806830309498363
index level,7,9,0.015135135135135203
index level,7,10,0.008519701810436597
index level,7,11,0.0031678986272438703
index level,7,12,0.0052631578947368585
index level,7,13,0.0020942408376962707
index level,7,14,0.011494252873563315
index level,7,15,0.0
index level,7,16,0.0010330578512396382
index level,7,17,0.0010319917440659854
index level,7,18,0.005154639175257714
index level,7,19,0.011282051282051286
index level,7,20,0.02535496957403649
index level,7,21,0.017804154302670572
index level,7,22,0.022351797862002032
index level,8,0,-0.011077542799597162
index level,8,1,-0.025458248472505107
index level,8,2,-0.009404388714733591
index level,8,3,-0.011603375527426185
index level,8,4,-0.011739594450373536
index level,8,5,0.003239740820734305
index level,8,6,0.006458557588805203
index level,8,7,0.019251336898395754
index level,8,8,0.016789087093389332
index level,8,9,0.01238390092879249
index level,8,10,0.003058103975535076
index level,8,11,-0.004065040650406471
index level,8,12,0.0
index level,8,13,-0.003061224489795955
index level,8,14,-0.004094165813715467
index level,8,15,0.009249743062692772
index level,8,16,0.01323828920570258
index level,8,17,0.015075376884422065
index level,8,18,0.026732673267326756
index level,8,19,0.02989392478302788
index level,8,20,0.01217228464419473
index level,8,21,0.0
index level,8,22,0.010175763182238562
index level,9,0,0.009193054136874323
index level,9,1,0.005060728744939347
index level,9,2,0.0050352467270895485
index level,9,3,0.008016032064128265
index level,9,4,-0.006958250497017926
index level,9,5,0.002002002002001957
index level,9,6,-0.005994005994006013
index level,9,7,-0.012060301507537674
index level,9,8,-0.020345879959308255
index level,9,9,-0.014537902388369717
index level,9,10,-0.005268703898840932
index level,9,11,-0.0010593220338983578
index level,9,12,0.007423117709437932
index level,9,13,0.010526315789473717
index level,9,14,0.01041666666666674
index level,9,15,0.0010309278350515427
index level,9,16,-0.004119464469618972
index level,9,17,0.010341261633919352
index level,9,18,-0.0092118730808598
index level,9,19,-0.013429752066115741
index level,9,20,-0.01884816753926699
index level,9,21,-0.009605122732123772
index level,9,22,-0.007543103448275912
index level,10,0,0.0029732408325073845
index level,10,1,0.000988142292490224
index level,10,2,0.0029615004935834577
index level,10,3,0.007874015748031482
index level,10,4,0.0126953125
index level,10,5,0.0038572806171648377
index level,10,6,0.0019212295869357465
index level,10,7,-0.0028763183125599667
index level,10,8,0.01057692307692304
index level,10,9,0.019980970504281714
index level,10,10,0.014925373134328401
index level,10,11,-0.0009191176470588758
index level,10,12,0.013799448022079108
index level,10,13,0.012704174228675091
index level,10,14,-0.011648745519713288
index level,10,15,-0.0018132366273798661
index level,10,16,-0.0027247956403270157
index level,10,17,-0.00910746812386154
index level,10,18,0.006433823529411686
index level,10,19,0.0018264840182649067
index level,10,20,-0.007292616226071136
index level,10,21,0.0009182736455464191
index level,10,22,0.013761467889908285
index level,11,0,-0.004859086491739606
index level,11,1,-0.005859375
index level,11,2,0.0029469548133596035
index level,11,3,0.007835455435847294
index level,11,4,0.02137998056365409
index level,11,5,0.0237868696479544
index level,11,6,0.011152416356877248
index level,11,7,0.0
index level,11,8,0.011029411764705843
index level,11,9,0.01090909090909098
index level,11,10,0.00629496402877705
index level,11,11,0.0044682752457552155
index level,11,12,-0.007117437722419906
index level,11,13,-0.010752688172043001
index level,11,14,-0.007246376811594235
index level,11,15,-0.007299270072992692
index level,11,16,0.003676470588235281
index level,11,17,0.0064102564102563875
index level,11,18,0.016378525932666088
index level,11,19,0.013428827215756556
index level,11,20,0.0035335689045936647
index level,11,21,-0.007042253521126751
index level,11,22,-0.0035460992907800915
index level,12,0,-0.005181347150259086
index level,12,1,-0.008333333333333304
index level,12,2,0.0
index level,12,3,-0.0031512605042016695
index level,12,4,0.0031612223393044925
index level,12,5,0.011554621848739455
index level,12,6,0.012461059190031154
index level,12,7,0.021538461538461506
index level,12,8,-0.0010040160642570406
index level,12,9,0.011055276381909618
index level,12,10,-0.003976143141153132
index level,12,11,0.008982035928143617
index level,12,12,0.022749752720079064
index level,12,13,0.029980657640232167
index level,12,14,0.0028169014084507005
index level,12,15,0.000936329588014928
index level,12,16,-0.00280636108512633
index level,12,17,0.0009380863039398779
index level,12,18,0.004686035613870709
index level,12,19,-0.00839552238805974
index level,12,20,-0.00940733772342428
index level,12,21,-0.0047483380816714105
index level,12,22,0.0
index level,13,0,-0.009910802775024763
index level,13,1,-0.002002002002001957
index level,13,2,0.014042126379137487
index level,13,3,0.008902077151335286
index level,13,4,0.002941176470588225
index level,13,5,-0.0009775171065493637
index level,13,6,0.006849315068493178
index level,13,7,-0.004859086491739606
index level,13,8,-0.0107421875
index level,13,9,-0.0039486673247778326
index level,13,10,0.0
index level,13,11,-0.01189296333002976
index level,13,12,-0.008024072216649913
index level,13,13,-0.02426693629929222
index level,13,14,-0.016580310880829008
index level,13,15,0.004214963119072657
index level,13,16,-0.0020986358866736943
index level,13,17,-0.003154574132492094
index level,13,18,-0.0031645569620253333
index level,13,19,0.012698412698412653
index level,13,20,-0.0010449320794148065
index level,13,21,0.013598326359832713
index level,13,22,0.002063983488132193
index level,14,0,0.012036108324974926
index level,14,1,0.013875123885034757
index level,14,2,0.02052785923753664
index level,14,3,0.023946360153256796
index level,14,4,0.033676333021515514
index level,14,5,0.0018099547511312153
index level,14,6,-0.0018066847335139746
index level,14,7,0.0009049773755656076
index level,14,8,0.011754068716093968
index level,14,9,0.02680965147453085
index level,14,10,0.009573542210618013
index level,14,11,0.018103448275861966
index level,14,12,0.009314140558848383
index level,14,13,0.004194630872483174
index level,14,14,0.001670843776107045
index level,14,15,0.005004170141784892
index level,14,16,0.01327800829875514
index level,14,17,0.016380016380016293
index level,14,18,0.00241740531829171
index level,14,19,0.001607717041800738
index level,14,20,-0.005617977528089901
index level,14,21,-0.006456820016142006
index level,14,22,0.01462225832656383
index level,15,0,-0.007952286282306154
index level,15,1,-0.006012024048096198
index level,15,2,-0.0040322580645161255
index level,15,3,0.004048582995951344
index level,15,4,-0.003024193548387122
index level,15,5,-0.013144590495449915
index level,15,6,0.0
index level,15,7,-0.012295081967213073
index level,15,8,-0.011410788381742698
index level,15,9,0.0
index level,15,10,0.0031479538300105414
index level,15,11,-0.005230125523012608
index level,15,12,-0.013669821240799185
index level,15,13,-0.02771855010660984
index level,15,14,-0.040570175438596534
index level,15,15,-0.030857142857142805
index level,15,16,-0.010613207547169767
index level,15,17,0.0023837902264600697
index level,15,18,-0.003567181926278251
index level,15,19,-0.007159904534606243
index level,15,20,0.0012019230769231282
index level,15,21,-0.0024009603841537164
index level,15,22,-0.014440433212996373
stock level,0,0,-0.0009960159362549792
stock level,0,1,-0.005982053838484491
stock level,0,2,0.004012036108324901
stock level,0,3,0.004995004995004937
stock level,0,4,-0.005964214711729587
stock level,0,5,-0.01100000000000001
stock level,0,6,-0.010111223458038388
stock level,0,7,-0.010214504596527063
stock level,0,8,-0.019607843137254943
stock level,0,9,-0.023157894736842155
stock level,0,10,-0.03556034482758619
stock level,0,11,-0.03351955307262566
stock level,0,12,-0.03583815028901738
stock level,0,13,0.017985611510791477
stock level,0,14,-0.004711425206124886
stock level,0,15,0.014201183431952646
stock level,0,16,-0.019836639439906656
stock level,0,17,-0.010714285714285676
stock level,0,18,-0.02166064981949456
stock level,0,19,-0.022140221402214055
stock level,0,20,-0.017610062893081757
stock level,0,21,-0.028169014084507005
stock level,0,22,-0.050065876152832645
stock level,1,0,0.015488867376573179
stock level,1,1,0.015252621544327827
stock level,1,2,-0.0046948356807511304
stock level,1,3,-0.010377358490566091
stock level,1,4,-0.011439466158245981
stock level,1,5,-0.011571841851494735
stock level,1,6,-0.008780487804878057
stock level,1,7,-0.015748031496062964
stock level,1,8,-0.0010000000000000009
stock level,1,9,-0.012012012012011963
stock level,1,10,-0.016210739614994973
stock level,1,11,-0.006179196704428458
stock level,1,12,-0.01761658031088087
stock level,1,13,-0.00421940928270037
stock level,1,14,0.013771186440677985
stock level,1,15,0.01567398119122254
stock level,1,16,0.020576131687242816
stock level,1,17,0.02318548387096775
stock level,1,18,0.019704433497536922
stock level,1,19,0.017391304347825987
stock level,1,20,0.02279202279202286
stock level,1,21,0.01949860724233976
stock level,1,22,0.021857923497267784
stock level,2,0,0.010131712259371817
stock level,2,1,0.016048144433299827
stock level,2,2,0.015794669299111552
stock level,2,3,0.02137998056365409
stock level,2,4,0.020932445290199775
stock level,2,5,0.017707362534948645
stock level,2,6,0.03205128205128216
stock level,2,7,0.024844720496894457
stock level,2,8,0.039826839826839766
stock level,2,9,0.019983347210657865
stock level,2,10,-0.0016326530612245094
stock level,2,11,-0.009811937857726938
stock level,2,12,0.004954582989264988
stock level,2,13,0.009860312243221037
stock level,2,14,0.006509357200976451
stock level,2,15,0.00808407437348424
stock level,2,16,-0.004009623095429071
stock level,2,17,0.0
stock level,2,18,0.008856682769726287
stock level,2,19,0.007980845969672856
stock level,2,20,0.019002375296912177
stock level,2,21,0.017094017094017033
stock level,2,22,0.008403361344537785
stock level,3,0,-0.01127049180327866
stock level,3,1,0.015544041450777257
stock level,3,2,0.008163265306122547
stock level,3,3,0.005060728744939347
stock level,3,4,0.002014098690835908
stock level,3,5,-0.011055276381909507
stock level,3,6,-0.011178861788617933
stock level,3,7,0.010277492291880685
stock level,3,8,0.010172939979654183
stock level,3,9,0.009063444108761365
stock level,3,10,0.01696606786427135
stock level,3,11,0.011776251226692791
stock level,3,12,0.026188166828321924
stock level,3,13,0.021739130434782705
stock level,3,14,0.018501387604070274
stock level,3,15,0.016348773841961872
stock level,3,16,0.016979445933869464
stock level,3,17,0.02196836555360271
stock level,3,18,0.021496130696474713
stock level,3,19,-0.002525252525252486
stock level,3,20,-0.005063291139240533
stock level,3,21,-0.01187446988973706
stock level,3,22,-0.014592274678111639
stock level,4,0,0.01837524177949712
stock level,4,1,0.015194681861348425
stock level,4,2,0.016838166510757757
stock level,4,3,0.020239190432382648
stock level,4,4,0.023444544634806164
stock level,4,5,0.02466960352422909
stock level,4,6,-0.0034393809114359186
stock level,4,7,-0.02070750647109576
stock level,4,8,-0.013215859030836996
stock level,4,9,-0.017857142857142905
stock level,4,10,-0.0009090909090908594
stock level,4,11,-0.01273885350318471
stock level,4,12,0.012903225806451646
stock level,4,13,0.01182893539581431
stock level,4,14,0.00629496402877705
stock level,4,15,0.00536193029490617
stock level,4,16,0.011555555555555541
stock level,4,17,0.008787346221441172
stock level,4,18,0.012195121951219523
stock level,4,19,0.012048192771084265
stock level,4,20,0.03146258503401356
stock level,4,21,0.04616652926628184
stock level,4,22,0.028368794326241176
stock level,5,0,-0.0068359375
stock level,5,1,-0.007866273352999054
stock level,5,2,-0.015857284440039643
stock level,5,3,-0.015105740181268867
stock level,5,4,-0.013292433537832271
stock level,5,5,-0.022797927461139844
stock level,5,6,-0.009544008483563071
stock level,5,7,-0.016059957173447548
stock level,5,8,-0.021762785636561532
stock level,5,9,-0.021134593993325956
stock level,5,10,-0.03409090909090906
stock level,5,11,-0.030588235294117694
stock level,5,12,-0.047330097087378675
stock level,5,13,-0.043312101910828016
stock level,5,14,-0.045272969374167804
stock level,5,15,-0.046025104602510414
stock level,5,16,-0.020467836257309968
stock level,5,17,-0.013432835820895495
stock level,5,18,-0.012102874432677768
stock level,5,19,0.004594180704440953
stock level,5,20,0.027439024390243816
stock level,5,21,0.01928783382789323
stock level,5,22,0.02911208151382816
stock level,6,0,0.007912957467853587
stock level,6,1,0.007850834151128527
stock level,6,2,-0.003894839337877265
stock level,6,3,0.003910068426197455
stock level,6,4,0.0058422590068158975
stock level,6,5,-0.0038722168441432947
stock level,6,6,-0.011661807580174877
stock level,6,7,-0.009832841691248762
stock level,6,8,-0.002979145978152964
stock level,6,9,0.006972111553784854
stock level,6,10,0.008902077151335286
stock level,6,11,-0.002941176470588225
stock level,6,12,0.01179941002949847
stock level,6,13,0.008746355685131268
stock level,6,14,0.012524084778420042
stock level,6,15,0.015223596574690745
stock level,6,16,0.009372071227741419
stock level,6,17,-0.011142061281337101
stock level,6,18,-0.011267605633802802
stock level,6,19,-0.01139601139601143
stock level,6,20,-0.007684918347742542
stock level,6,21,-0.0038722168441432947
stock level,6,22,-0.010689990281827044
stock level,7,0,0.003910068426197455
stock level,7,1,0.003894839337877265
stock level,7,2,0.008729388942773975
stock level,7,3,0.01057692307692304
stock level,7,4,0.015223596574690745
stock level,7,5,0.0018744142455482393
stock level,7,6,0.00187090739008422
stock level,7,7,-0.0018674136321195078
stock level,7,8,-0.003741814780168329
stock level,7,9,0.009389671361502261
stock level,7,10,0.008372093023255811
stock level,7,11,0.007380073800737907
stock level,7,12,0.01098901098901095
stock level,7,13,0.026268115942029047
stock level,7,14,0.02294792586054717
stock level,7,15,0.02070750647109576
stock level,7,16,0.03381234150464918
stock level,7,17,0.014717906786590351
stock level,7,18,0.016116035455278066
stock level,7,19,0.030134813639968172
stock level,7,20,0.010777521170130866
stock level,7,21,-0.006092916984006047
stock level,7,22,-0.006130268199233679
stock level,8,0,-0.006876227897838927
stock level,8,1,0.005934718100890191
stock level,8,2,0.001966568338249708
stock level,8,3,0.003925417075564264
stock level,8,4,-0.003910068426197455
stock level,8,5,-0.007850834151128527
stock level,8,6,-0.007912957467853587
stock level,8,7,0.0159521435692922
stock level,8,8,0.0058881256133465065
stock level,8,9,0.007804878048780495
stock level,8,10,0.011616650532429773
stock level,8,11,0.004784688995215225
stock level,8,12,-0.014285714285714235
stock level,8,13,0.009661835748792313
stock level,8,14,0.011483253588516762
stock level,8,15,0.011352885525070855
stock level,8,16,0.018709073900841977
stock level,8,17,0.02020202020202011
stock level,8,18,0.01980198019801982
stock level,8,19,0.024713150926743088
stock level,8,20,0.03359173126614978
stock level,8,21,0.010000000000000009
stock level,8,22,0.0033003300330032292
stock level,9,0,-0.006066734074823055
stock level,9,1,0.0020345879959309254
stock level,9,2,-0.0020304568527919065
stock level,9,3,-0.008138351983723258
stock level,9,4,-0.009230769230769265
stock level,9,5,-0.017598343685300222
stock level,9,6,-0.021074815595363505
stock level,9,7,-0.027987082884822434
stock level,9,8,0.008859357696566983
stock level,9,9,0.021953896816685026
stock level,9,10,0.018259935553168738
stock level,9,11,0.007383966244725704
stock level,9,12,-0.015706806282722474
stock level,9,13,-0.013829787234042601
stock level,9,14,-0.014023732470334394
stock level,9,15,-0.018599562363238564
stock level,9,16,-0.02006688963210701
stock level,9,17,-0.03526734926052333
stock level,9,18,-0.03891509433962259
stock level,9,19,0.01104294478527601
stock level,9,20,0.01577669902912615
stock level,9,21,-0.022700119474313052
stock level,9,22,-0.006112469437652757
stock level,10,0,0.0201005025125629
stock level,10,1,0.01871921182266001
stock level,10,2,0.014506769825918697
stock level,10,3,0.01620591039084851
stock level,10,4,0.023452157598499168
stock level,10,5,0.02933088909257564
stock level,10,6,0.003561887800534347
stock level,10,7,-0.017746228926353136
stock level,10,8,-0.014453477868112019
stock level,10,9,-0.012832263978001857
stock level,10,10,-0.006499535747446661
stock level,10,11,-0.0009345794392523477
stock level,10,12,0.007483629560336658
stock level,10,13,0.011142061281337101
stock level,10,14,0.015610651974288237
stock level,10,15,0.017179023508137492
stock level,10,16,0.005333333333333412
stock level,10,17,-0.007073386383731228
stock level,10,18,-0.012466607301869992
stock level,10,19,-0.014427412082957614
stock level,10,20,-0.0018298261665141702
stock level,10,21,0.005499541704858002
stock level,10,22,-0.01185050136736554
stock level,11,0,-0.013251783893985736
stock level,11,1,-0.012396694214875992
stock level,11,2,-0.021966527196652708
stock level,11,3,-0.021390374331550777
stock level,11,4,-0.02732240437158473
stock level,11,5,-0.0337078651685393
stock level,11,6,-0.03604651162790695
stock level,11,7,-0.00965018094089265
stock level,11,8,0.0
stock level,11,9,-0.01705237515225333
stock level,11,10,-0.01610904584882278
stock level,11,11,-0.02518891687657432
stock level,11,12,0.025839793281653645
stock level,11,13,0.016372795969773257
stock level,11,14,-0.008674101610904539
stock level,11,15,-0.01749999999999996
stock level,11,16,-0.01908396946564883
stock level,11,17,0.0038910505836575737
stock level,11,18,0.019379844961240345
stock level,11,19,0.015209125475285079
stock level,11,20,-0.012484394506866447
stock level,11,21,-0.017699115044247815
stock level,11,22,0.015444015444015413
stock level,12,0,0.013712047012732542
stock level,12,1,0.009661835748792313
stock level,12,2,0.015311004784688942
stock level,12,3,0.019792648444863392
stock level,12,4,0.020332717190388205
stock level,12,5,0.024456521739130377
stock level,12,6,0.020335985853227267
stock level,12,7,0.026863084922010394
stock level,12,8,0.028691983122362874
stock level,12,9,0.021328958162428302
stock level,12,10,0.02088353413654609
stock level,12,11,0.026750590086546122
stock level,12,12,-0.0015325670498084198
stock level,12,13,-0.011511895625479718
stock level,12,14,0.0015527950310558758
stock level,12,15,-0.00852713178294573
stock level,12,16,-0.015637216575449586
stock level,12,17,-0.017474185861795055
stock level,12,18,-0.017784963621665373
stock level,12,19,0.010699588477366184
stock level,12,20,0.01140065146579805
stock level,12,21,0.009661835748792313
stock level,12,22,0.013556618819776656
stock level,13,0,0.0
stock level,13,1,-0.004012036108325012
stock level,13,2,-0.0060422960725075026
stock level,13,3,-0.01317122593718334
stock level,13,4,-0.01642710472279263
stock level,13,5,-0.018789144050104345
stock level,13,6,-0.024468085106382986
stock level,13,7,0.013086150490730697
stock level,13,8,0.019375672766415608
stock level,13,9,0.014783526927138357
stock level,13,10,0.018730489073881307
stock level,13,11,0.012257405515832431
stock level,13,12,0.006054490413723412
stock level,13,13,0.008024072216650024
stock level,13,14,0.0
stock level,13,15,-0.011940298507462699
stock level,13,16,0.00805639476334341
stock level,13,17,-0.011988011988012026
stock level,13,18,-0.010111223458038388
stock level,13,19,-0.009193054136874323
stock level,13,20,0.0010309278350515427
stock level,13,21,0.006179196704428458
stock level,13,22,0.016376663254861867
stock level,14,0,-0.012084592145015116
stock level,14,1,-0.010193679918450549
stock level,14,2,-0.016477857878475777
stock level,14,3,-0.01884816753926699
stock level,14,4,-0.01707577374599789
stock level,14,5,-0.019543973941368087
stock level,14,6,-0.02436323366555926
stock level,14,7,-0.02724177071509648
stock level,14,8,0.004667444574095736
stock level,14,9,-0.0023228803716608404
stock level,14,10,-0.016298020954598424
stock level,14,11,0.00946745562130169
stock level,14,12,0.0
stock level,14,13,0.011723329425556761
stock level,14,14,0.013904982618771822
stock level,14,15,0.01942857142857135
stock level,14,16,0.029147982062780242
stock level,14,17,0.025054466230936878
stock level,14,18,-0.0010626992561104665
stock level,14,19,-0.004255319148936176
stock level,14,20,-0.0032051282051281937
stock level,14,21,0.012861736334405238
stock level,14,22,-0.014814814814814836
stock level,15,0,0.011363636363636465
stock level,15,1,0.012257405515832431
stock level,15,2,0.016145307769929396
stock level,15,3,0.011916583912611634
stock level,15,4,0.01962708537782132
stock level,15,5,0.016361886429258954
stock level,15,6,0.027462121212121104
stock level,15,7,0.022119815668202758
stock level,15,8,0.028854824165915227
stock level,15,9,0.029798422436459138
stock level,15,10,0.03404255319148941
stock level,15,11,0.028806584362139898
stock level,15,12,0.021600000000000064
stock level,15,13,0.007047768206734473
stock level,15,14,0.028771384136858424
stock level,15,15,-0.0007558578987150177
stock level,15,16,-0.009833585476550666
stock level,15,17,-0.010695187165775444
stock level,15,18,-0.01698841698841702
stock level,15,19,-0.014139827179890041
stock level,15,20,0.01195219123505975
stock level,15,21,0.011811023622047223
stock level,15,22,-0.0007782101167315147
