ticker,exchange,days,pre vol %,case vol %,pre zero-return share,price change %,ceiling days,longest ceiling run
FIR,HOSE,109,1.6297069652105125,1.844690030400151,0.024489795918367346,38.398886333940595,0,0
SJS,HOSE,192,2.321993202598064,2.3433321673457836,0.13008130081300814,49.20892753503478,10,3
PDR,HOSE,83,1.9408374814476166,3.843711174986375,0.0653061224489796,-118.93257405747828,4,3
PSH,unknown,319,1.7472583602837095,3.4492752137125384,0.44516129032258067,-11.556752384167265,26,3
AGG,HOSE,514,1.2899370267617496,1.8995093074714375,0.12556053811659193,35.42694747392958,7,1
CRC,HOSE,106,1.3619491946406856,2.653411096370951,0.1814516129032258,73.3142797047882,5,1
GKM,HNX,125,1.622394217033395,3.7698766041731666,0.32388663967611336,156.72008556356164,1,1
PAS,UPCOM,491,3.3668356620290565,3.5411442400740656,0.0958904109589041,-86.92944123483805,0,0
HCI,unknown,146,6.780125506003241,6.1654816009366105,0.8072289156626506,182.9911235192431,21,12
