rel_day,car,pct_return_score,pct_surge_score,pct_fisher,ceiling,n
-60,0.013717285543322789,0.39421442372997406,0.3430996794573747,0.37877026994093704,0.0,10
-59,0.005886272722806796,0.6158841902086486,0.3607680805720695,0.4601338866153788,0.0,10
-58,0.005911788066253099,0.5926485019535105,0.3614603385614182,0.4286836375180559,0.0,10
-57,0.013351326606296964,0.6272198606689338,0.35759961924907974,0.3949398935277233,0.0,10
-56,0.019356480120814056,0.4957936994582251,0.36012671593593765,0.32337375279081976,0.0,10
-55,0.012471900659982937,0.4462603628204562,0.3595539657331584,0.39236150424595606,0.0,10
-54,0.00665109303639212,0.3348950305144698,0.3604829264569645,0.37545551235333857,0.0,10
-53,0.0013017819685532729,0.4483619566614201,0.3540157572159508,0.4386719253514628,0.0,10
-52,0.005518352041286223,0.5316225542680133,0.35378690327600576,0.4646056724343237,0.0,10
-51,0.003833547209258292,0.6170542402942377,0.36992450303865815,0.48768334897470894,0.0,10
-50,0.030438932191364853,0.6538643602014165,0.3964607059214998,0.49622404492831007,0.1111111111111111,10
-49,0.02784323315854683,0.6024731383680143,0.393708098093884,0.508550230829455,0.0,10
-48,0.0291573227033583,0.5565404193031308,0.392400395844088,0.5451296301301957,0.0,10
-47,0.029097670610166538,0.6230083753199995,0.3928198348103665,0.4920921879787049,0.0,10
-46,0.033054227752505605,0.5489662359032516,0.3924181734772726,0.4959326843204515,0.0,10
-45,0.03863644201089015,0.5582882718143745,0.39170163915004635,0.5084204176955148,0.0,10
-44,0.04378863868553118,0.47741629347193243,0.39916797405015253,0.5542947931075667,0.1111111111111111,10
-43,0.05897848185388532,0.4720393159432401,0.3997197324812177,0.4920595258389654,0.0,10
-42,0.07140227027932607,0.47078909195988106,0.4048646173329811,0.5524141025477927,0.1111111111111111,10
-41,0.06876896539359673,0.44968434742754504,0.4027278182940432,0.5365478997359728,0.0,10
-40,0.08169661852951574,0.45493993413200673,0.3976702446509978,0.47647012223635826,0.0,10
-39,0.08654781187327111,0.547696930653191,0.3973130078733159,0.439778543155738,0.0,10
-38,0.08319692654874053,0.4973085567780486,0.3991483851129711,0.42713455621747254,0.0,10
-37,0.07780402751931935,0.438841167567806,0.4030437733626015,0.43310543995519535,0.1111111111111111,10
-36,0.07850597513541045,0.46262134668655025,0.40163425665415314,0.38540144466743076,0.0,10
-35,0.07841598553482138,0.4621969993441725,0.40206819998003585,0.4113001227601121,0.0,10
-34,0.07380832183397765,0.45937466539674027,0.4013229274907965,0.40712786942967316,0.0,10
-33,0.07601190876114236,0.47209899516426834,0.40036419357296227,0.363115647106878,0.0,10
-32,0.07359568562034832,0.509535066163213,0.39863088281226783,0.4272227938503982,0.0,10
-31,0.06970159820528853,0.5476724596869179,0.3969509681770093,0.42453402997618506,0.0,10
-30,0.07383181810998038,0.44276778698760133,0.3931614091931476,0.3878940189619658,0.0,10
-29,0.07308620636348163,0.49129983523306037,0.39100576422567673,0.40101306884454757,0.0,10
-28,0.07559206854056738,0.4986722155551306,0.3889395913577673,0.44477881460721164,0.0,10
-27,0.07629566427878379,0.453910490196316,0.3840172743824552,0.4753979529713342,0.0,10
-26,0.07014593512877905,0.37205975060964785,0.3775796116772029,0.48667207515437433,0.0,10
-25,0.07791834673224944,0.41180726250049426,0.37321343677950747,0.4999537962640824,0.0,10
-24,0.0698885119900512,0.4025016260870488,0.3626072606166368,0.4223675147462793,0.0,10
-23,0.07065411043989081,0.4626966624928675,0.3653829773593976,0.4200834193117298,0.0,10
-22,0.06819992960087984,0.5254862822938526,0.35837652573557716,0.41917687026618494,0.0,10
-21,0.07216446327528583,0.43512474746865815,0.35559916097551,0.39642531407806514,0.0,10
-20,0.08084187620363689,0.40802253429379937,0.35330861046752776,0.3688126049107832,0.0,10
-19,0.0822219602256001,0.3501780207804225,0.34893211447958333,0.3711597648355869,0.0,10
-18,0.07748260112983076,0.4067537714534667,0.3452355229697734,0.3770655373750957,0.0,10
-17,0.0806109436990366,0.45888579216166325,0.26984342991799537,0.5089688822971323,0.0,10
-16,0.08520458172103205,0.37373088444581837,0.2690605938852098,0.4663529011145077,0.0,10
-15,0.09192653305250874,0.41714710792692955,0.2652821321221486,0.4865702121408527,0.1111111111111111,10
-14,0.09267602819116738,0.4174057084061888,0.2676402444172989,0.50261887530165,0.1111111111111111,10
-13,0.09419124060738446,0.39155525711210654,0.2668756971663239,0.5049991227866442,0.0,10
-12,0.08827803636780168,0.35778125643654785,0.2643068628773488,0.5099245729140655,0.0,10
-11,0.08924917386052075,0.3769075390150539,0.26256966787846453,0.4947394523610735,0.0,10
-10,0.08900834813133135,0.4412581675988317,0.26431702891380704,0.5145799063431642,0.0,10
-9,0.08843475234451628,0.4240265761342687,0.26548191661327386,0.51802018935747,0.0,10
-8,0.07988064275944966,0.4189887852258038,0.26559260857369105,0.5306036592039984,0.0,10
-7,0.02782816847826266,0.49049875290214406,0.30136742231897173,0.5088453512930482,0.1111111111111111,10
-6,0.02792575567620099,0.46173001802173547,0.30172774813965575,0.49541986122128867,0.0,10
-5,0.03158903074381877,0.5032140411159519,0.3004352825126049,0.5357823822331096,0.0,10
-4,0.027992538951698877,0.5523355524608224,0.3021413288273599,0.555126730538313,0.0,10
-3,0.025994679807334907,0.6189875031695143,0.29489720193392266,0.5554423794237802,0.0,10
-2,0.024043779421975386,0.6473483909914056,0.29253480476042276,0.5441185159382872,0.0,10
-1,0.02041460765110682,0.6829159003526968,0.29417983439378026,0.5559003558248032,0.0,10
0,0.02580887513104425,0.5933096234720419,0.29576384502960945,0.5047687334501154,0.0,10
1,0.05406198093067035,0.5229492920590613,0.3069995332072597,0.5310745076575686,0.2,10
2,0.08301539484782872,0.5721508008122047,0.3128862223273109,0.5202920297520047,0.3,10
3,0.10744877894165081,0.6454748317460589,0.31834699935279465,0.5505786695730076,0.2,10
4,0.13400284322543035,0.6275271144082091,0.3244889531174139,0.5382115494158337,0.2,10
5,0.14107595079751795,0.6587235228388106,0.3249086178785122,0.5673924965386099,0.1,10
6,0.16163864828163438,0.5536888227866118,0.32457038473147437,0.512195029156757,0.2,10
7,0.17653272694166947,0.5679254684621486,0.3215553816170011,0.5698853892629069,0.2,10
8,0.1917661349973867,0.6387623568012524,0.32059648785739187,0.6032512195905537,0.1,10
9,0.19903968155332835,0.6596214391621148,0.320833390457388,0.620758801702634,0.2,10
10,0.22436647221532904,0.6671392652154808,0.31648051449572057,0.6564390277354409,0.2,10
11,0.25516196987024337,0.7689306849705847,0.3235555228575204,0.6465980677658157,0.1,10
12,0.2881716877214572,0.7812388061729156,0.3327534178099991,0.6681212504362518,0.3,10
13,0.29735306311582976,0.7901321591366814,0.34290150586960344,0.6894884746401171,0.0,10
14,0.27775764131247316,0.7222823268907292,0.3454665019257146,0.6842685705883973,0.1,10
15,0.27650589883802834,0.6522071626231906,0.35278226497273396,0.6766520833186163,0.0,10
16,0.29519608182284357,0.7676693857118363,0.36879845866087924,0.7339945328896125,0.1111111111111111,10
17,0.2890975972537556,0.755675136757286,0.37990231803268476,0.7886740959138376,0.2,10
18,0.2784238914824967,0.7572519924859051,0.395896178439873,0.8259843677041574,0.1,10
19,0.28639418984173304,0.7268067267450441,0.40657113272854506,0.8391272741229824,0.2222222222222222,10
20,0.2875569087548958,0.7809020371549575,0.4100086682595313,0.8117277043056064,0.0,10
21,0.28669707781236564,0.7955882828338132,0.4098509096521369,0.7838702474380602,0.2222222222222222,10
22,0.293204816724654,0.8055746593747053,0.41877511042677223,0.7852630914118235,0.0,10
23,0.2856763797369644,0.8019671861415759,0.41677263570653494,0.8012880232781129,0.0,10
24,0.29130870338555886,0.747575552012288,0.4141156320654563,0.8263734285706494,0.0,10
25,0.2915436902692077,0.6354196569020196,0.4101375523123182,0.805421370154362,0.3,10
26,0.3061688030686629,0.6090380034692962,0.40780847606364995,0.8186809406092602,0.3,10
27,0.31756455887805374,0.5998759305730368,0.40206816693151687,0.7871308626319065,0.2,10
28,0.3318891686186943,0.58132060950906,0.4015519926713238,0.7328761980526237,0.1,10
29,0.3345844239743776,0.5641462554227532,0.4052130232121952,0.7490249030638233,0.1,10
30,0.3597250281863952,0.693870042325376,0.40409426039763285,0.6921192766296533,0.3,10
31,0.36062161621779926,0.6640247434436022,0.3999090087906448,0.645989875230295,0.0,10
32,0.3626363138657127,0.6576739642316276,0.3962313150656033,0.6546518401632322,0.1111111111111111,10
33,0.3682157854408149,0.7187345932587855,0.39476698897788587,0.6284191990782914,0.0,10
34,0.363406559919388,0.7389231271907788,0.39147960681006566,0.6326974562347973,0.0,10
35,0.3708316661794882,0.7521012551009518,0.3838572651304034,0.6548410814605409,0.1,10
36,0.3728581769845222,0.7700057845557529,0.37645826792450954,0.6639076049653115,0.0,10
37,0.36901524361383153,0.7669608845149088,0.3718320424273056,0.6632792675759245,0.0,10
38,0.3791774922929997,0.7602788650180385,0.35835632261925043,0.6615561321781169,0.0,10
39,0.3806961646816613,0.781377233597981,0.34540145733499766,0.7095300499576953,0.0,10
40,0.37541411062581515,0.76937083626444,0.3387196423173159,0.6956438471058219,0.0,10
41,0.386666587521011,0.7421125731889817,0.3213377124152305,0.6421398620739976,0.1,10
42,0.3857792224241029,0.68332739900068,0.31267580774812886,0.5911848539077653,0.0,10
43,0.3877323202575761,0.6809320841803373,0.3090909891022041,0.6147752932031958,0.0,10
44,0.3887569377238395,0.6560656696984666,0.3031525382524095,0.5925489395782262,0.0,10
45,0.3872906294694969,0.6591823131453686,0.26981317525606163,0.6295119235039942,0.0,10
46,0.3954518416889651,0.6695275314481989,0.27398725957941966,0.6275182521433075,0.0,10
47,0.41087064508245186,0.7184159473733923,0.27365422867022254,0.6015821433715018,0.0,10
48,0.40738734662243303,0.677816730010922,0.2737789237343621,0.5737934045826716,0.0,10
49,0.40319148080628686,0.6046305780336602,0.25936033496067307,0.539650996351668,0.0,10
50,0.4015075611222471,0.5533207319883792,0.24051154790849452,0.5012712148149503,0.0,10
51,0.4009346383131385,0.553129460078173,0.23819734275960544,0.5007675818972045,0.0,10
52,0.4019376875851492,0.6322481848285986,0.2406002245260641,0.48299357631100476,0.0,10
53,0.41004311063301646,0.7253584153783891,0.24495609431470347,0.5361577495697205,0.1,10
54,0.4056241740701817,0.7807535265839907,0.24765642821204414,0.5585848152694417,0.0,10
55,0.407956860949138,0.7386243296379799,0.2537480384399088,0.5753929660830455,0.0,10
56,0.4113947030112328,0.7835211730375564,0.26371562055529096,0.6407308416367431,0.1,10
57,0.4203854783309846,0.7991586398054743,0.2645125672789551,0.6551480731942776,0.2,10
58,0.4277251580855609,0.7490491429487759,0.27234075516733575,0.6571591021178425,0.2,10
59,0.42227219754052625,0.7835837190174854,0.27544455216353986,0.7246235748399809,0.125,10
60,0.4156428908778397,0.7958847526427376,0.27663302934431094,0.709115800141111,0.125,10
61,0.4186366334363247,0.7464552106367925,0.27518083713705,0.6770539802983928,0.1,10
62,0.40963135375063786,0.8251847178200978,0.27716280640057567,0.7126871388019541,0.1,10
63,0.40442396696705984,0.7666299385673817,0.276709520179638,0.7287532487373489,0.1111111111111111,10
64,0.40443261232084565,0.8071020399783043,0.27666016861332415,0.7272132038336319,0.1111111111111111,10
65,0.4049985945990945,0.7620219362166943,0.27516346563371935,0.6919724776030337,0.1,10
66,0.39477867414362977,0.7664853955069246,0.27460792396790956,0.6555634278745174,0.1,10
67,0.38506618365200274,0.6614092604931485,0.28253092882822567,0.5978490525578195,0.1,10
68,0.3900356833878572,0.7233006527254995,0.29524294768248055,0.6220695034604296,0.1,10
69,0.3855152189391401,0.7885175497003807,0.35691517545276724,0.6674018056170284,0.1,10
70,0.3908075334160141,0.7284956287554419,0.36558351327385413,0.6077894092624828,0.1,10
71,0.3872330808574472,0.6765283135651802,0.3716836933018722,0.6158773934231079,0.2,10
72,0.38753685846283387,0.6347143683937585,0.3745188962704592,0.6146923725337636,0.1,10
73,0.37833382615441413,0.6861485270263389,0.3900202487802133,0.6101156746912081,0.1,10
74,0.387206788811988,0.6974793181436973,0.4010297496934212,0.6691211516832555,0.1,10
75,0.4204367975215371,0.7438524625809222,0.40792183114158775,0.670180723675873,0.2,10
76,0.4457582855377882,0.7631510234573954,0.4055018484911258,0.6793592887146386,0.3,10
77,0.45616006510590773,0.7454244656654496,0.4141176042115495,0.6921079868626674,0.1,10
78,0.47388980267112685,0.7431255846399273,0.41359079672716026,0.6857135424315182,0.2,10
79,0.46625955996348234,0.7434425281476994,0.41189814430095045,0.6745795207990705,0.1111111111111111,10
80,0.45904391740504924,0.7406341418861555,0.4108273495234357,0.7030695851071571,0.0,10
81,0.4683450194984541,0.7268133536713576,0.41589091408621737,0.6975866464331246,0.0,10
82,0.47881708122685185,0.7388122058477131,0.41735790266071665,0.6963890340277632,0.2,10
83,0.4977511463525852,0.869704483475194,0.42121215600082207,0.7335579510533852,0.2,10
84,0.5053224268733503,0.784059033804403,0.4297237977813883,0.6410575844144464,0.1,10
85,0.5188116439339724,0.8079516701512184,0.4312132811937317,0.6441406566963055,0.1,10
86,0.5125412832664653,0.7984742580227207,0.43787291228324404,0.6586487785329898,0.1,10
87,0.5176575030007838,0.7975690740250734,0.4393534753236572,0.6727005846426999,0.0,10
88,0.5084874752799803,0.7929147414904458,0.43683526876856343,0.6752810858989218,0.0,10
89,0.5171600587732608,0.8134267895679581,0.4402607117411892,0.6773028236763231,0.1,10
90,0.5195191195001498,0.8177836413415067,0.43608121399971583,0.6911336828514282,0.1,10
91,0.5252625514069187,0.8080558828576674,0.4330901129414703,0.7156357372413562,0.1,10
92,0.5254559459960016,0.7345147650149542,0.4399129761766931,0.7192340671978914,0.0,10
93,0.5137201047507184,0.7511995091424745,0.441505624927087,0.7129708710484635,0.2,10
94,0.5045182917796879,0.68173722134199,0.44130809177895086,0.7415704447006726,0.0,10
95,0.5093749844033301,0.6480003174598162,0.4417584175938203,0.7058432644923056,0.2,10
96,0.5114512213357524,0.671017689293859,0.4458775362484782,0.6893147922554372,0.0,10
97,0.5176176080091882,0.6899799057518077,0.44374297277116814,0.6687262667000836,0.0,10
98,0.5127119418245173,0.6273627006961983,0.4450693240824639,0.7081181313739066,0.0,10
99,0.5340882883185031,0.6518793272605796,0.44618071773318313,0.6945914194419671,0.2222222222222222,10
100,0.5556739991489932,0.6792038722796343,0.4490940900991002,0.7356828765054824,0.1,10
101,0.5588386725402048,0.6981287350739104,0.4609551891830023,0.7522418032810141,0.2,10
102,0.547839599199299,0.7238452506741676,0.4697945573360935,0.7498470458084833,0.0,10
103,0.5425712085145531,0.7062994917164728,0.47350940332252633,0.7353291844423935,0.1111111111111111,10
104,0.5541291037980318,0.695241728763127,0.4748667934376004,0.7749103841701847,0.1111111111111111,10
105,0.560614812398537,0.7661822122535082,0.4786699858234876,0.7921543074810662,0.0,10
106,0.5666203502057825,0.6783432661891461,0.4784217906131533,0.7567444428514132,0.0,10
107,0.5548123788769643,0.6449193415086477,0.47740493118423544,0.7852194665819073,0.0,10
108,0.5451291185438398,0.5804186895618841,0.4766850232900111,0.7081249755423619,0.0,10
109,0.5328534516953033,0.6079968225165757,0.4706447710770012,0.6577341588994289,0.2,10
110,0.5530225202136105,0.6850293909367033,0.4699008703816052,0.6688533430653538,0.2,10
111,0.5621928528845339,0.6528499955901061,0.4677884121429085,0.6714684862770581,0.0,10
112,0.5607694138783708,0.7289708919999162,0.46465536151204506,0.704085508202863,0.1,10
113,0.5711183763356861,0.6667322890558532,0.4612416553160631,0.7212751875680063,0.1,10
114,0.5694992076002057,0.6980401156282299,0.4570060131763495,0.7401555418694163,0.1,10
115,0.5576942611377902,0.7660763337364176,0.45524288224349213,0.7276276940251211,0.1,10
116,0.5545176914856028,0.7158361872166894,0.4574157556706354,0.6875869385276006,0.0,10
117,0.5565628994444752,0.7389307173208572,0.45958614054322994,0.6641356267414305,0.0,10
118,0.5625745263722252,0.7235904428374441,0.4565384937471093,0.6618553147755722,0.0,10
119,0.5573822542248739,0.7718642547907647,0.455575881837204,0.6505259099839306,0.1,10
120,0.562116063284434,0.733318129587318,0.45379473782055196,0.5910895308865817,0.1,10
121,0.5573264274762264,0.6273362936019221,0.4491459649701333,0.5322753280927305,0.0,10
122,0.5545315991274328,0.6702708537472902,0.4499833669681782,0.5598004750745321,0.1,10
123,0.5517384881668924,0.7152149136727299,0.4568838585481258,0.5570852988415107,0.2,10
124,0.5426060904511906,0.7444323770848833,0.45400964513659164,0.5596024787306235,0.0,10
125,0.5438869152565278,0.7353875430936303,0.4523592024450341,0.5612917104846467,0.0,10
126,0.5382116327085725,0.7483480269007793,0.4510899553560721,0.6005974902805267,0.0,10
127,0.5390101650432413,0.7363866769874305,0.4546285785682909,0.5769692638375101,0.0,10
128,0.5435763927421617,0.7671212654197773,0.4586681422017988,0.610228551651928,0.1111111111111111,10
129,0.5571050888145483,0.7604481206067258,0.45594668961880735,0.5811538441143187,0.1111111111111111,10
130,0.5586523464666456,0.7275834881225869,0.47252830908279425,0.5483453271787687,0.1,10
131,0.5719722707250712,0.7023051425998817,0.4771950631515097,0.5362694098081261,0.1,10
132,0.5762952363352994,0.6917188641662151,0.4820112169318132,0.5623886342086242,0.2,10
133,0.5797351342151031,0.578109748528304,0.4839064084261378,0.5544437230629231,0.0,10
134,0.5867379430307449,0.6140161858831605,0.48986050619998345,0.60488012092436,0.1,10
135,0.6074193497382034,0.5985360865886828,0.49042799915129426,0.6210718994020268,0.1,10
136,0.623292902583189,0.5840083251811704,0.48588483950242584,0.5985293098836497,0.1,10
137,0.6364496069451121,0.5753678462804503,0.4905065691722096,0.5972093429685977,0.1,10
138,0.6439734546505039,0.523388299334371,0.4857393784024613,0.5681297923270683,0.0,10
139,0.6513616524964159,0.4921064311677859,0.4811863940740866,0.5431539617548707,0.1,10
140,0.6620388217754227,0.5523712868945785,0.4756415990542833,0.5608380305882996,0.0,10
141,0.6690937066990841,0.5514785503753211,0.48073495293883617,0.5434194254368608,0.0,10
142,0.6719436181170659,0.5474005513754662,0.4608413428367516,0.5169288521288117,0.0,10
143,0.6719885486280802,0.528372665169821,0.45586742437519484,0.5099123739546199,0.0,10
144,0.6693745625544125,0.5498145497650974,0.45602368254464964,0.5566527574203303,0.1111111111111111,10
145,0.6641680681549691,0.5819584955126892,0.45463711362459486,0.5795955797320982,0.0,10
146,0.6713799947621931,0.46118785550913266,0.4622578327831896,0.5642232343073513,0.0,9
147,0.6670176081513917,0.4932607263578088,0.4621379380304883,0.5658303419389404,0.0,9
148,0.6641759552269677,0.4999303003230252,0.46220840672448243,0.5659647603392871,0.0,9
149,0.6562180049876258,0.37337101456011507,0.46442320341215304,0.5467259932040386,0.0,9
150,0.6603035668490734,0.47634233488587197,0.45546931552806824,0.5200686647338945,0.0,9
151,0.6555561614197395,0.5276875249586759,0.44990635204196483,0.5666074429493323,0.0,9
152,0.665672702955313,0.5644012152043663,0.4368509776841818,0.5669955157664285,0.0,9
153,0.6726354033318109,0.5798992741624746,0.4136427762518041,0.5698423654035185,0.0,9
154,0.6838441799311534,0.6237615760585373,0.41460358956700133,0.5621847613248487,0.1111111111111111,9
155,0.6813737920632993,0.6323103370613836,0.4108763647955007,0.5464328055323064,0.0,9
156,0.6791735678751015,0.6151756591133611,0.4034095669774128,0.5315725280104296,0.0,9
157,0.6864356080477355,0.6242948717912467,0.3920295111294667,0.5081540889673559,0.1111111111111111,9
158,0.6994061257011741,0.6072178264078562,0.3950660586052719,0.49092672739181814,0.0,9
159,0.6965220568105948,0.6715104836978852,0.3763103521150115,0.5449211024590628,0.0,9
160,0.7088901646377909,0.6814396247949859,0.37028163204837483,0.5084661074851416,0.0,9
161,0.7066310587656669,0.6349480396817933,0.366819347858545,0.49493125627936313,0.0,9
162,0.7115329397559458,0.6377140175130304,0.36148633475641256,0.47534239437689696,0.1111111111111111,9
163,0.7191627298932816,0.6050173820364322,0.3584323433413544,0.46605945987325503,0.1111111111111111,9
164,0.7276741599484239,0.6597998423431518,0.3576797244669988,0.4616820468654444,0.1111111111111111,9
165,0.7453962068971965,0.6136124936552059,0.3619150120943786,0.47570255811583734,0.1111111111111111,9
166,0.7352344989770447,0.5550827634238027,0.369651783596792,0.4904506563172344,0.0,9
167,0.7268042757669435,0.5041236748825402,0.3638196568666032,0.5097288322111075,0.0,9
168,0.7328894190554442,0.5587771692032296,0.364440881500697,0.4612893112728455,0.0,9
169,0.7333696827628811,0.5621818869388896,0.36898541207274205,0.5147424533942577,0.125,9
170,0.7267144357630562,0.5407820563098195,0.3726744317070963,0.5437467247968214,0.0,9
171,0.7254013559856232,0.5427896284802454,0.37073819305374167,0.5647666174189355,0.0,9
172,0.7223284968768577,0.5511963369940095,0.37527710396225233,0.5578857501771491,0.0,9
173,0.7270555081022849,0.5494072398874915,0.37560823152606476,0.556361826366048,0.0,9
174,0.7231706191310474,0.5331904597061293,0.3683707425497275,0.5563366183483589,0.0,9
175,0.7250049050231941,0.570152425560789,0.3646842048881393,0.5831958679324093,0.0,9
176,0.7286919946846856,0.6336488074334682,0.3614723761565357,0.5641018828435634,0.0,9
177,0.7323213692378064,0.5359235290558628,0.35615097144767677,0.5152372502963507,0.0,9
178,0.7297880795869565,0.5459420761086952,0.3476840733049461,0.507840562568512,0.0,9
179,0.7321113439307525,0.49701414640446995,0.33189361021528063,0.45779792614223774,0.0,9
180,0.730703793458916,0.46719988026412373,0.3269139819910022,0.4601357735006164,0.0,9
