rep,evasion,detector,ap,recall,fpr,precision,recall_spoof,recall_pump,recall_wash
0,0.0,otr_rule,0.009791680805041983,0.0,0.012831689642020378,0.0,0.0,0.0,0.0
0,0.0,iforest,0.22690584980743086,0.15737051792828685,0.008472729254072903,0.20256410256410257,0.32105263157894737,0.08695652173913043,0.015625
0,0.0,logreg,0.9907603714637491,0.9940239043824701,0.010488748433498611,0.5644796380090498,1.0,0.9945652173913043,0.984375
0,0.0,gbm,0.9957608161780795,0.9960159362549801,0.012041628071704898,0.5307855626326964,1.0,0.9891304347826086,1.0
0,0.25,otr_rule,0.010159260394848152,0.0,0.01298844552298486,0.0,0.0,0.0,0.0
0,0.25,iforest,0.1547599126103574,0.033797216699801194,0.00830047155502854,0.05345911949685535,0.015706806282722512,0.07065217391304347,0.0078125
0,0.25,logreg,0.9843415904418765,0.9821073558648111,0.010285966412045336,0.5697808535178778,0.9947643979057592,0.9728260869565217,0.9765625
0,0.25,gbm,0.9899817756753918,0.9900596421471173,0.0110581033008852,0.5539488320355951,1.0,0.9728260869565217,1.0
0,0.5,otr_rule,0.009884218247282396,0.0,0.01557553143374039,0.0,0.0,0.0,0.0
0,0.5,iforest,0.08139793714784589,0.02385685884691849,0.009611035730438715,0.03409090909090909,0.010471204188481676,0.05434782608695652,0.0
0,0.5,logreg,0.9696037399242938,0.9761431411530815,0.010374265038444143,0.5722610722610723,0.9947643979057592,0.9728260869565217,0.953125
0,0.5,gbm,0.9704126463534088,0.974155069582505,0.012692220714608774,0.5218317358892439,1.0,0.9619565217391305,0.953125
0,0.75,otr_rule,0.010113631098535155,0.0,0.017895816710361338,0.0,0.0,0.0,0.0
0,0.75,iforest,0.062160253126668806,0.006012024048096192,0.011683574603898324,0.007263922518159807,0.0,0.016483516483516484,0.0
0,0.75,logreg,0.9477064095533365,0.9579158316633266,0.010714692807477487,0.5597189695550351,1.0,0.9615384615384616,0.890625
0,0.75,gbm,0.9544393345721275,0.9679358717434869,0.0121395189786846,0.5313531353135313,1.0,0.9560439560439561,0.9375
0,1.0,otr_rule,0.00933794001385693,0.0,0.0193942159602989,0.0,0.0,0.0,0.0
0,1.0,iforest,0.039674750196551256,0.0020242914979757085,0.012634761280018253,0.0022522522522522522,0.0,0.005494505494505495,0.0
0,1.0,logreg,0.7648308613951154,0.7935222672064778,0.01023900519080486,0.521970705725699,0.8723404255319149,0.9340659340659341,0.46774193548387094
0,1.0,gbm,0.8974771447712391,0.9129554655870445,0.011978780446066968,0.5177956371986223,1.0,0.9395604395604396,0.7419354838709677
1,0.0,otr_rule,0.00996214410755252,0.0,0.008614404147876105,0.0,0.0,0.0,0.0
1,0.0,iforest,0.24820941385374917,0.14471243042671614,0.007939294104939106,0.20967741935483872,0.06422018348623854,0.2895927601809955,0.0
1,0.0,logreg,0.9942929324675189,0.9944341372912802,0.008533390942723663,0.6291079812206573,1.0,0.9864253393665159,1.0
1,0.0,gbm,0.9953745575440455,0.9944341372912802,0.009883611028597661,0.5942350332594235,1.0,0.9864253393665159,1.0
1,0.25,otr_rule,0.010371404778153548,0.0,0.008617868441147595,0.0,0.0,0.0,0.0
1,0.25,iforest,0.17648842907722323,0.07578558225508318,0.007799716373950038,0.12538226299694188,0.009174311926605505,0.17194570135746606,0.00980392156862745
1,0.25,logreg,0.9892807391055908,0.9907578558225508,0.008454238027708083,0.6335697399527187,1.0,0.9773755656108597,1.0
1,0.25,gbm,0.9936816638870383,0.9926062846580407,0.010063270426529944,0.5927152317880795,0.9954128440366973,0.9864253393665159,1.0
1,0.5,otr_rule,0.009813903224979405,0.0,0.010849401315419642,0.0,0.0,0.0,0.0
1,0.5,iforest,0.11350001367956465,0.06542056074766354,0.009584574737197144,0.09308510638297872,0.0,0.1590909090909091,0.0
1,0.5,logreg,0.9822531820131112,0.9887850467289719,0.00885378604755748,0.6267772511848341,1.0,0.9772727272727273,0.99
1,0.5,gbm,0.974141687244411,0.9962616822429906,0.01152397549047164,0.5652173913043478,1.0,0.990909090909091,1.0
1,0.75,otr_rule,0.010384081701384001,0.0,0.011998415303639142,0.0,0.0,0.0,0.0
1,0.75,iforest,0.08684853779424416,0.03896103896103896,0.010045843001867678,0.05585106382978723,0.0,0.09417040358744394,0.0
1,0.75,logreg,0.9750032998546658,0.9814471243042672,0.009140302224234535,0.6208920187793427,0.9953703703703703,0.9730941704035875,0.97
1,0.75,gbm,0.9668723416220303,0.9888682745825603,0.012253098647348463,0.55175983436853,1.0,0.9865470852017937,0.97
1,1.0,otr_rule,0.009701158087985743,0.0,0.013902259471091229,0.0,0.0,0.0,0.0
1,1.0,iforest,0.060375230114680545,0.009345794392523364,0.011948581459878815,0.0117096018735363,0.0,0.02262443438914027,0.0
1,1.0,logreg,0.9263698656599487,0.930841121495327,0.009003907356022425,0.6102941176470589,0.9583333333333334,0.9683257918552036,0.7857142857142857
1,1.0,gbm,0.9244132005016913,0.9401869158878504,0.010759386148706042,0.5696489241223103,0.9907407407407407,0.9728506787330317,0.7551020408163265
2,0.0,otr_rule,0.010300998700911728,0.0,0.012178177360032693,0.0,0.0,0.0,0.0
2,0.0,iforest,0.26481642108513115,0.22641509433962265,0.00795531943876856,0.2912621359223301,0.115,0.45714285714285713,0.008333333333333333
2,0.0,logreg,0.96225361870164,0.9830188679245283,0.009453752894700995,0.6002304147465438,1.0,0.9666666666666667,0.9833333333333333
2,0.0,gbm,0.9879239748439237,0.9867924528301887,0.010516278436180356,0.5753575357535754,1.0,0.9666666666666667,1.0
2,0.25,otr_rule,0.010534147884441975,0.0,0.013043960923623445,0.0,0.0,0.0,0.0
2,0.25,iforest,0.19465272501448572,0.14962121212121213,0.007937388987566607,0.21643835616438356,0.020100502512562814,0.3492822966507177,0.016666666666666666
2,0.25,logreg,0.9865485332769998,0.9848484848484849,0.010324156305506217,0.5829596412556054,1.0,0.9712918660287081,0.9833333333333333
2,0.25,gbm,0.9905912752154001,0.990530303030303,0.011295515097690941,0.5623655913978495,1.0,0.9760765550239234,1.0
2,0.5,otr_rule,0.010117673000580297,0.0,0.014197460893221492,0.0,0.0,0.0,0.0
2,0.5,iforest,0.11342912405781111,0.14285714285714285,0.00841645885286783,0.2037533512064343,0.005,0.35377358490566035,0.0
2,0.5,logreg,0.9635767951416965,0.9680451127819549,0.010145091815914758,0.5899198167239404,1.0,0.9622641509433962,0.925
2,0.5,gbm,0.9569075170027697,0.9699248120300752,0.012582180911357968,0.5375,1.0,0.9669811320754716,0.925
2,0.75,otr_rule,0.010612082809066382,0.0,0.0167514721856955,0.0,0.0,0.0,0.0
2,0.75,iforest,0.0805891705580305,0.07735849056603773,0.008947458693042136,0.11581920903954802,0.0,0.19523809523809524,0.0
2,0.75,logreg,0.9576814192340923,0.9566037735849057,0.009947973243382311,0.5929824561403508,0.985,0.9714285714285714,0.8833333333333333
2,0.75,gbm,0.9488163897835544,0.9716981132075472,0.012978103024412555,0.5314757481940144,0.99,0.9809523809523809,0.925
2,1.0,otr_rule,0.009980168028726982,0.0,0.01859710078888161,0.0,0.0,0.0,0.0
2,1.0,iforest,0.05360389981748083,0.04961832061068702,0.010936120525161621,0.06341463414634146,0.0,0.12380952380952381,0.0
2,1.0,logreg,0.8232265823320384,0.8473282442748091,0.009426708056845043,0.5729032258064516,0.9191919191919192,0.9238095238095239,0.5862068965517241
2,1.0,gbm,0.9079620038807151,0.9293893129770993,0.012758807279355225,0.520855614973262,0.9595959595959596,0.9380952380952381,0.8620689655172413
