policy,spread,depth,vol,tracking_error,noise_cost,volume,spoof profit,spoof impact,pump impact,wash volume share,ring gain,ring displacement,spoof profit se,spoof impact se,pump impact se,wash volume share se,ring gain se,ring displacement se
band 7% (today),3.1035789473684208,2482.749421052631,0.4938375184201605,6.2879216775810125,1.8750219117483744,21.928333333333335,871.9375,0.11430374510886603,0.468359823047323,0.03262302637529222,33570.4375,1.0365462662337661,125.19881403865128,0.020888795434593262,0.07927525450301505,0.001527147191299869,8651.322106661955,0.2095638076530518
band 10%,3.101508771929825,2477.536754385965,0.49454090982040577,6.361559079582342,1.8288455857204915,21.890298245614037,972.7708333333334,0.1373642833818807,0.42901051494801495,0.03273995411829497,32069.25,1.0009026274651276,99.88706475698898,0.028321417504358355,0.07676726014713188,0.0015525858943340473,8628.544492227402,0.2188773272198497
tick x2,4.182456140350878,2247.407947368421,0.6320950278920143,6.541771847199816,1.5796696689531946,23.462280701754384,491.4583333333333,0.21073408023377063,0.3969665750915751,0.03118635032689937,30365.833333333332,0.9659241221741222,132.71693997527584,0.04419451191422016,0.06425353406908746,0.001514267562484256,8938.569365166537,0.2377764192123448
min rest 5,3.1696491228070176,2464.55847368421,0.5230164302673065,6.248093844543126,1.7768264191686378,21.86052631578947,1090.5833333333333,0.1558829223556913,0.39915645696895696,0.032672999027092385,34094.770833333336,1.0684328403078402,133.79177414363866,0.032523211879233405,0.06274530085814578,0.0015845554364593848,8590.379664425003,0.21373478182812258
min rest 15,3.3258947368421055,2406.044087719298,0.5963763303322758,6.355472749517644,1.6567683561196656,22.114456140350878,1302.4375,0.2608771811794894,0.40193070818070814,0.03224247762380917,32643.145833333332,1.0230790043290043,234.45964184188892,0.04585393331274527,0.05725072151446358,0.0015676083515590777,8015.478544738216,0.1964996884427289
cancel fee 0.5,3.164578947368421,2439.057824561404,0.5215553862311474,6.17596038920168,1.789387857825679,22.137666666666668,1314.9375,0.1757353977246814,0.31200940263440263,0.03235925886478357,33342.895833333336,1.0480549543049544,116.71638683995765,0.028174596761945687,0.085494076567931,0.0015053134290391658,7922.022753630484,0.20145324848113183
cancel fee 2,3.3484385964912278,2337.14349122807,0.6142152504065103,6.086786964983289,1.7727704980161392,23.064280701754388,1379.8125,0.2036097178477482,0.3092875296000296,0.031118954678172245,35586.270833333336,1.1291125541125542,119.77814566100585,0.03418066638345765,0.0579437354556348,0.0014650792058762182,7620.959305639006,0.19538659731415015
circuit breaker 6,3.102035087719298,2475.5275087719297,0.49381959235990713,6.2875050725310855,1.8987097214170354,21.922122807017544,889.4166666666666,0.14947076123056607,0.4531132062382062,0.03260783915717947,33288.104166666664,1.0316693722943722,130.78018975135709,0.022840411525940303,0.054678646651614426,0.0015415028643772726,8540.63368704274,0.21029181212491344
block at 60-step mean,3.1035789473684208,2482.749421052631,0.4938375184201605,6.2879216775810125,1.8750219117483744,21.928333333333335,871.9375,0.11430374510886603,0.468359823047323,0.03262302637529222,19523.562499999953,0.5494820351330751,125.19881403865128,0.020888795434593262,0.07927525450301505,0.001527147191299869,6660.125263986099,0.14391984183693107
