sweep,level,N,K,push,catch,predicted,predicted (held-out sweep)
accounts,100.0,100.2532894736842,12.0,0.8,0.91,0.8987500349815126,0.9076235388871007
accounts,206.0,205.54934210526315,12.0,0.8,0.84,0.8064268537531224,0.7356690682625244
accounts,373.0,372.9342105263158,12.0,0.8,0.64,0.5511243943664506,0.46230180754498956
accounts,708.0,708.046052631579,12.0,0.8,0.28,0.2742389878378104,0.22347939594799768
ring size,4.0,93.47039473684212,4.0,0.8,0.79,0.8134839007661403,0.8126460744496012
ring size,8.0,97.10197368421052,8.0,0.8,0.88,0.8895303889859263,0.8647738923759001
ring size,16.0,103.60855263157896,16.0,0.8,0.94,0.9000220898044372,0.8696428079164572
ring size,30.0,114.91447368421052,30.0,0.8,0.94,0.9002970120918627,0.8697110868312358
push probability,0.2,99.8157894736842,12.0,0.2,0.46,0.6474781300085373,0.6706382003208585
push probability,0.4,100.21710526315788,12.0,0.4,0.79,0.8152840195527449,0.8410701122899048
push probability,0.8,100.2532894736842,12.0,0.8,0.91,0.8987500349815126,0.9118460955392699
