N,K,catch@5 (model)
50,2,0.8434073907112043
50,4,0.8967038025559314
50,8,0.9002845208026256
50,12,0.9002988193292132
50,16,0.9002988764260995
50,24,0.9002988766550093
50,32,0.900298876655013
100,2,0.5896999331950442
100,4,0.7931436794421922
100,8,0.8875450716826244
100,12,0.8987808957683681
100,16,0.9001182038301416
100,24,0.9002963172094421
100,32,0.9002988403974206
200,2,0.2921820554576936
200,4,0.4895396523437301
200,8,0.7128909560945832
200,12,0.8147944579832894
200,16,0.8612876887045444
200,24,0.8921782338307623
200,32,0.8986084682531262
400,2,0.11737662804809844
400,4,0.21945025709309918
400,8,0.3854089275731437
400,12,0.5109147286249947
400,16,0.6058281552757632
400,24,0.7318881203288526
400,32,0.8039830775375123
700,2,0.053601814323129625
700,4,0.10401229455351198
700,8,0.19600796029762016
700,12,0.2773752885738706
700,16,0.3493421802449507
700,24,0.46929334432602393
700,32,0.5631294219435764
1000,2,0.032094481801954386
1000,4,0.06304483714896633
1000,8,0.12167486095738159
1000,12,0.17619922563538123
1000,16,0.22690543638593508
1000,24,0.3179141617536439
1000,32,0.39662311168881303
