series,minute,mean,lo,hi
volume,-240,0.13305665318922516,0.06613720788946897,0.1990873794773674
volume,-239,0.12644973665281958,0.06381190418541337,0.223083248329411
volume,-238,0.17299559340999154,0.08884232134626836,0.2500506710895884
volume,-237,0.16772233084516514,0.09611326775590802,0.22944720194498888
volume,-236,0.18193461143265538,0.12270985490026215,0.25097725147248573
volume,-235,0.1744657498780628,0.10497991133833882,0.240689416486435
volume,-234,0.19637641686106846,0.116136425727759,0.2612237095583076
volume,-233,0.2017645447379059,0.12733465837295063,0.2778012676196285
volume,-232,0.2072518854325356,0.14419282717467732,0.26779526963773176
volume,-231,0.18585225499021435,0.11293333519474422,0.2613635591442607
volume,-230,0.1685054479815438,0.08663464008113989,0.23069475553181945
volume,-229,0.18369791627172918,0.12568553638970392,0.2682518960504012
volume,-228,0.18593002044124146,0.11389181575348295,0.25544049960288917
volume,-227,0.20465885528273714,0.1333312989465369,0.26769763698465493
volume,-226,0.21460219215452575,0.14196282320370504,0.2863017880712156
volume,-225,0.21919016470945696,0.1647157771235436,0.3012403074443567
volume,-224,0.18736144034666055,0.10557506747033858,0.27113213694486693
volume,-223,0.18510659224331524,0.11819594462780196,0.25398520641276495
volume,-222,0.1495338191215064,0.07517652759709506,0.21413692024854347
volume,-221,0.1441591338741171,0.057720867359450714,0.21656501854215596
volume,-220,0.13428975972987836,0.05467056081989311,0.21112428662022323
volume,-219,0.12062506944273504,0.03545379337514877,0.2102223152155782
volume,-218,0.13408850549701395,0.07458162043283047,0.21119837288324644
volume,-217,0.18454260462540778,0.1230611266898913,0.2590428996743665
volume,-216,0.18276532067623869,0.09790590929512916,0.24415944504467063
volume,-215,0.1652422811976788,0.11220714846089326,0.2460133648969224
volume,-214,0.14632275993595553,0.08255196727466223,0.2161664165160702
volume,-213,0.17945127137678923,0.10166156439365961,0.259224600860844
volume,-212,0.2046984005081702,0.11641611002062055,0.2898194987965451
volume,-211,0.2169429075758174,0.14468848975971582,0.29876293806252135
volume,-210,0.1930164257442253,0.10425067714026258,0.26630143683014584
volume,-209,0.24558387270312254,0.17613658719323547,0.3204601100075175
volume,-208,0.2780968394762261,0.21491210210792566,0.3647986949798974
volume,-207,0.29472193394925084,0.24060229761795998,0.37033898254854286
volume,-206,0.2986475090767017,0.23839039404858023,0.3667677128189333
volume,-205,0.29428056168193945,0.22893648877441045,0.3825492472077547
volume,-204,0.2845499775798092,0.21609059020445448,0.3528837630065968
volume,-203,0.26648444085015416,0.2001505088841829,0.344150786053108
volume,-202,0.26768058445520865,0.20667575728026327,0.3381935550177885
volume,-201,0.2765712102182119,0.19441817866189626,0.3512759216520356
volume,-200,0.2630524091294099,0.21336806562044106,0.33414462188129396
volume,-199,0.24996613331689654,0.18062948961554492,0.3151347259007602
volume,-198,0.21981773539378208,0.16557424874292576,0.2865139724397309
volume,-197,0.18901733408526664,0.14042123794554226,0.2606813346442114
volume,-196,0.1815099030346304,0.10949212543527075,0.2535367985789465
volume,-195,0.17556403713567098,0.10996361747280316,0.2552683485555047
volume,-194,0.1551581535427886,0.07745545017099953,0.22491542518553725
volume,-193,0.11320657436718254,0.043503319307053936,0.18727715381381566
volume,-192,0.10124374657607155,0.02161797515212183,0.17471830195184293
volume,-191,0.1340128493881155,0.04957790772425889,0.24310885187830397
volume,-190,0.14511091433739684,0.06554265337325622,0.2402588523207296
volume,-189,0.15422095188265328,0.0774664576413582,0.2325621498222247
volume,-188,0.13461933899851275,0.05828425836310069,0.2004345899952691
volume,-187,0.17329059808086142,0.08579849149959062,0.23952351841188022
volume,-186,0.15379155415270346,0.0738656879962637,0.2260840924966969
volume,-185,0.16660986489883722,0.08077358118998834,0.2344283570910455
volume,-184,0.18912086358325655,0.10781024169616477,0.2675067228371288
volume,-183,0.1885711145736279,0.10860013382989582,0.28492184862869974
volume,-182,0.20311884972130811,0.12196587365105237,0.2855618379533485
volume,-181,0.17648639698560617,0.10257179182511596,0.24134755136080663
volume,-180,0.16597139855143023,0.09282815249657643,0.25580310444481186
volume,-179,0.19643504435760928,0.11219365519193883,0.2769354735971721
volume,-178,0.19776973911553755,0.12150667669091031,0.29048527317321804
volume,-177,0.17628988163856074,0.11005638251784781,0.2606850686184346
volume,-176,0.19730938015131363,0.12706705825426057,0.2767628564874019
volume,-175,0.22103363052563543,0.136961765078948,0.29634984187765534
volume,-174,0.18951132088034037,0.11804521922908127,0.2610908822366891
volume,-173,0.20519188565393887,0.139524048870856,0.26705523005190945
volume,-172,0.18868936578479148,0.11515109676707037,0.2694288157292035
volume,-171,0.15790962770384448,0.08198122570888763,0.23806960937916322
volume,-170,0.1383619752316355,0.05366927306928637,0.22560624329219806
volume,-169,0.14711893014676747,0.06422949758077887,0.23146701986563264
volume,-168,0.15884406557555333,0.08920800896933873,0.22985766413293068
volume,-167,0.17639225069634662,0.10779592922534068,0.25437667576591527
volume,-166,0.16629889618375657,0.08606759822009556,0.2327454561223126
volume,-165,0.1470360308748303,0.05660878671864137,0.2326662866447557
volume,-164,0.1399769159291876,0.06866448012228298,0.20490162337477225
volume,-163,0.12648614707072,0.018518574824841212,0.18384034261550852
volume,-162,0.18028914208168398,0.12429875993262986,0.2478307742041004
volume,-161,0.20397390282363834,0.14410409677517264,0.2855253965331634
volume,-160,0.24137464899758818,0.16066404534473483,0.3097134941704931
volume,-159,0.23113520486779943,0.15769100312234144,0.3075277443471034
volume,-158,0.21690215004820768,0.11961876113442033,0.29751111724170237
volume,-157,0.2252013792077746,0.14409306855369283,0.28724762361495987
volume,-156,0.23260358034166354,0.13331618112779361,0.3133808429181883
volume,-155,0.24895928568206457,0.14220689785312923,0.32074058861406884
volume,-154,0.2644440352404241,0.19482811799190602,0.35781831483394194
volume,-153,0.29550414797967933,0.23243091297027207,0.35536428452902
volume,-152,0.27400876698016474,0.19109843608543683,0.33699577046489837
volume,-151,0.2550015920917972,0.1853001334634547,0.3456542626032242
volume,-150,0.27327873670524433,0.17962916413895297,0.36551302776757366
volume,-149,0.29062435968385736,0.2313044735785848,0.3803082204069518
volume,-148,0.27846012504343337,0.2109123688748592,0.3742777549746022
volume,-147,0.2743579455560017,0.19822845435482164,0.3478813987115952
volume,-146,0.2690668038353215,0.1986332312093588,0.35471394412097196
volume,-145,0.2453752689468484,0.15737870758262862,0.31194283567294806
volume,-144,0.2388527710382142,0.16856735630806274,0.31220306100305223
volume,-143,0.2509359949088188,0.16837308829749223,0.3160980814055233
volume,-142,0.27505484857163726,0.21213464795707243,0.3381931755692812
volume,-141,0.28582225386073307,0.20051208746320623,0.3518513490344793
volume,-140,0.309359715636175,0.22829511643252806,0.3861040443322346
volume,-139,0.28980661917836276,0.2042981373174799,0.3798660876366528
volume,-138,0.27611230826210964,0.2052804506093929,0.360392689297566
volume,-137,0.26513236226447967,0.1769693352249372,0.33428139140234375
volume,-136,0.2720006274412539,0.17906639416202563,0.3494336599469693
volume,-135,0.29065460164776313,0.20261315407914637,0.3784172380912298
volume,-134,0.293865019295634,0.21757950761688635,0.38397189334885945
volume,-133,0.2682348720284837,0.19404616579726597,0.3643365798099712
volume,-132,0.23337508654675887,0.16568391690475154,0.3256065398173517
volume,-131,0.2519329902795057,0.17308265275926316,0.34601653024963636
volume,-130,0.24055748344852995,0.16577761755611245,0.319018032522444
volume,-129,0.243555094335132,0.15925743760655078,0.318168510397087
volume,-128,0.25873704347239884,0.19398308738786565,0.3252515494124466
volume,-127,0.24016053838659018,0.16617963856557666,0.33532522152097866
volume,-126,0.2954129544733925,0.22162060633698288,0.35888398212118855
volume,-125,0.29350203670733455,0.2263547242549806,0.3502272112967458
volume,-124,0.28162569323758246,0.20917215059358832,0.3552087956376053
volume,-123,0.278964968670111,0.21402116279858666,0.3602572225510828
volume,-122,0.27502418652674254,0.21041615838003602,0.33376113014884135
volume,-121,0.25448610990813003,0.17572139555962973,0.3136206896120671
volume,-120,0.2260530214043798,0.16713700265309536,0.3008865055360971
volume,-119,0.23603426766004337,0.1781622286462968,0.30962908437812797
volume,-118,0.25617028238714135,0.1850464012605484,0.3209876669523136
volume,-117,0.28354582570342374,0.22911774481780706,0.3491348791387759
volume,-116,0.2739108335550718,0.2127324356914219,0.3402460224267172
volume,-115,0.28540201639464435,0.2286202436889086,0.3548923345099283
volume,-114,0.2943678895789716,0.21711657203143714,0.37583021742788436
volume,-113,0.26679557091868933,0.19663629023671617,0.32436221737670207
volume,-112,0.28294174815683065,0.21155293929514177,0.37372905930873385
volume,-111,0.2762478930189367,0.2080840406443423,0.35157281795756906
volume,-110,0.30589579110543486,0.2327481828849935,0.3657969436624902
volume,-109,0.2905119182327701,0.23982930743025369,0.3641138310958856
volume,-108,0.2664481556569623,0.1933770801427693,0.3364384248500125
volume,-107,0.2326084764362488,0.1568161575531644,0.3106265065323232
volume,-106,0.24711014713378285,0.17940305887479752,0.3166232754053571
volume,-105,0.23509559741461214,0.17998745917516712,0.2937195240701882
volume,-104,0.26656953631085417,0.1951283340097882,0.3337898700279778
volume,-103,0.295007005492507,0.2285661532814891,0.357375616767924
volume,-102,0.2976439750670752,0.2187852529564681,0.3760620814659355
volume,-101,0.284641286808331,0.20059040377200757,0.35219893053906787
volume,-100,0.2906275032272512,0.22368688978280163,0.34951910647665424
volume,-99,0.3123060616964455,0.2402592203569566,0.38486433589612384
volume,-98,0.32470357751765033,0.2654280157442521,0.3972004560942354
volume,-97,0.32981729417791245,0.25003525343768984,0.4101185893265748
volume,-96,0.348291024613436,0.2636025163873761,0.4151282050058522
volume,-95,0.335692269091295,0.25344245056632464,0.40800001850636963
volume,-94,0.32125627810996926,0.2440415233261791,0.3973238505716582
volume,-93,0.3120380021295429,0.2399113436694119,0.3935747194274297
volume,-92,0.2945268010701202,0.2138090851495424,0.36093778445472935
volume,-91,0.3062592900541791,0.24099981422281774,0.37533696866632466
volume,-90,0.3100897993572694,0.23066034145044148,0.38376297324818665
volume,-89,0.329509384309958,0.2731781197607965,0.4012093953436209
volume,-88,0.31861273990208283,0.23874511491976355,0.4113120881290751
volume,-87,0.32343728805065564,0.2564354555470193,0.42637284104056306
volume,-86,0.3144425264661634,0.24981864706012974,0.4042490727082993
volume,-85,0.30318792675949235,0.21323743455042038,0.3739090478250744
volume,-84,0.3159217071329346,0.249608645209178,0.39232989591485756
volume,-83,0.2958867699549788,0.21750088250861457,0.38477077454402453
volume,-82,0.3184289153176655,0.24503876294820232,0.3923457194311176
volume,-81,0.3419523989715741,0.264791648595734,0.4311956511860805
volume,-80,0.3741397586685021,0.3029384933502271,0.4474696711328561
volume,-79,0.37414638130406863,0.2821694864448831,0.44854480816250925
volume,-78,0.3413634514012207,0.26595233716674055,0.41225690335866955
volume,-77,0.3468880217226853,0.2722810426410059,0.4055385353432953
volume,-76,0.3383901777499523,0.2522935727563277,0.4117263543980112
volume,-75,0.33256478911300225,0.2439976703887838,0.4067747620069673
volume,-74,0.32160508655458264,0.24230315774069908,0.3980681812418215
volume,-73,0.29381323388050684,0.21151887012986054,0.369256230548053
volume,-72,0.2844440851494741,0.19880286781056747,0.35451131064936836
volume,-71,0.2989222917934823,0.21834607977474121,0.38750334109216605
volume,-70,0.2957333565844768,0.20918714269465827,0.37477370331260995
volume,-69,0.29758486639727516,0.22589791349717173,0.38010843187658877
volume,-68,0.31131934993052934,0.2418265516177886,0.37995711047531155
volume,-67,0.33867552034377923,0.26516239116757123,0.4272652949061783
volume,-66,0.33936613426158196,0.23736884653224846,0.4090972528239036
volume,-65,0.3243009596099613,0.2441151356437819,0.3904902368219117
volume,-64,0.3429987272129326,0.26762888041424804,0.4158605597919687
volume,-63,0.3630296016879907,0.281355120413024,0.46522230764055345
volume,-62,0.3434839310237846,0.27382062168810806,0.4156542912153503
volume,-61,0.3540779395189005,0.28963696538993944,0.42226919710481814
volume,-60,0.3551295212889085,0.28210059332938786,0.41528880775756266
volume,-59,0.3166526783062769,0.2658352362579014,0.39334557458070535
volume,-58,0.3013363027462889,0.2399899971824777,0.3754451330886257
volume,-57,0.28448367379705347,0.22370353664884463,0.36651105522705585
volume,-56,0.2909311302904256,0.2159714315464348,0.361432169878864
volume,-55,0.28214368006425083,0.19923991806767188,0.3627189627053525
volume,-54,0.2772971891464696,0.19911764694786882,0.3422955091429044
volume,-53,0.257722187042889,0.16761184218501984,0.3413801481973534
volume,-52,0.2599788777388161,0.1785600140836696,0.3301347386140593
volume,-51,0.2104581238518595,0.13814960938683069,0.2674228475701927
volume,-50,0.21386759847570463,0.13983253619299907,0.2836916599992685
volume,-49,0.23159503704222742,0.1554023913406505,0.3054683384930384
volume,-48,0.23754899620657005,0.1606719088217373,0.3137956725425156
volume,-47,0.21718653437367313,0.13293532707969666,0.2776123337641769
volume,-46,0.24652154044851643,0.165664979862109,0.3209341430488884
volume,-45,0.2704139728266073,0.20258264518726352,0.3425239830557762
volume,-44,0.28578474226622985,0.20051374112686038,0.35140891266429763
volume,-43,0.3127471257553035,0.24060538435741324,0.37072905717772026
volume,-42,0.31543221893668266,0.2501159729136422,0.38220172732310903
volume,-41,0.3560999362547224,0.286518919275939,0.43541381279255503
volume,-40,0.3694065467865841,0.2962755457877927,0.43524093451487017
volume,-39,0.37861775952321997,0.30038797207215806,0.4482882183210225
volume,-38,0.3771260808066911,0.31943249063737006,0.4357216104311946
volume,-37,0.38989675287675735,0.3036128436420023,0.45235093921409497
volume,-36,0.3621438579733432,0.297171117107934,0.44687421333401484
volume,-35,0.3514622219959895,0.26938513198188024,0.43185614344931017
volume,-34,0.3834906574389804,0.31939790616513314,0.4471160260541598
volume,-33,0.40233177472122295,0.32744071244059364,0.4710334171939834
volume,-32,0.4087735809119475,0.33063011696002353,0.4877173523624758
volume,-31,0.44435421816091036,0.38338730850150493,0.5241032130297382
volume,-30,0.4217132706950844,0.35429706230118885,0.510020768894208
volume,-29,0.4186879185538255,0.33836009601600137,0.49998420302286506
volume,-28,0.4136033453644778,0.32985953158359466,0.4859149679136818
volume,-27,0.4517887721098732,0.3710218354594477,0.535782395726046
volume,-26,0.4671867387395759,0.39044875859815853,0.5354218247343309
volume,-25,0.4927811844802459,0.4170921128644005,0.5791257202349673
volume,-24,0.5061164231547668,0.44561196188593344,0.592854645847709
volume,-23,0.4818837417756809,0.39486889973379424,0.5763786197777141
volume,-22,0.4912717625553321,0.4113050768914823,0.5682005044614957
volume,-21,0.4497836024266633,0.37383601137426536,0.5495570861294693
volume,-20,0.4802789375755092,0.3922802493729501,0.5543924619785349
volume,-19,0.48043840193527676,0.41243358649195455,0.5698690805079858
volume,-18,0.48890700254969666,0.409990102653145,0.577707305979991
volume,-17,0.4970060172137558,0.39809161104241564,0.5766591536260522
volume,-16,0.4984030365718098,0.4094269342578466,0.5983172302181305
volume,-15,0.47982133903647883,0.3870157698629252,0.5694916997120676
volume,-14,0.5116151321962776,0.4352961657845666,0.6017251918119457
volume,-13,0.522170733376352,0.42649333712967386,0.6172521198863151
volume,-12,0.5451711494746251,0.4616004448329231,0.6089796028056221
volume,-11,0.586138866387097,0.5012254552996634,0.6626286565647017
volume,-10,0.5852462170861611,0.4987469596383398,0.6807751123979862
volume,-9,0.6268988372410361,0.5556087287544565,0.7170420837347826
volume,-8,0.6491604653497808,0.5694356224253663,0.7213886141020818
volume,-7,0.6821057926645798,0.5943729557851539,0.7646643262856012
volume,-6,0.6767271357980215,0.6080262641740505,0.7681629811701763
volume,-5,0.6808319697382017,0.613365169838376,0.774969854271138
volume,-4,0.7382341746209637,0.6493765097140745,0.8320407864168295
volume,-3,0.7624270082711352,0.6755478123751127,0.8402435978048152
volume,-2,0.8164249230579229,0.7301971355321644,0.9025949612646581
volume,-1,0.8836694402012494,0.7749783130146416,0.9711222416894335
volume,0,1.4117543963747854,1.2983678717002956,1.5231587990978896
volume,1,1.5513503303007274,1.4530871091339932,1.6434057017481967
volume,2,1.6347122059856616,1.532977902958195,1.7208679301064027
volume,3,1.68356948578586,1.572574682877431,1.7934463974074344
volume,4,1.7262577409744793,1.6395003096355298,1.8260559155288276
volume,5,1.752654459559451,1.6593652770876235,1.8487222188641395
volume,6,1.7631949843136663,1.6722810300679694,1.8509909415875874
volume,7,1.781927214884964,1.7049469437919929,1.8797957367994897
volume,8,1.789157207647277,1.696250340464095,1.9070443218253257
volume,9,1.7869719190822757,1.703764964781085,1.9048641648132665
volume,10,1.3282188124882441,1.2151604807375116,1.4695720505590946
volume,11,1.2107230855400046,1.0453906347095376,1.339714344242427
volume,12,1.1195813908479695,0.9662025938740227,1.2419285021227306
volume,13,0.9693947984248185,0.7876206463080687,1.1144515255398673
volume,14,0.8859613672923125,0.7025980350146698,1.047120546188125
volume,15,0.807232616816357,0.6135229997665397,0.9766322585500649
volume,16,0.7515589565093557,0.5794244194392971,0.88356495629868
volume,17,0.677124037303306,0.4941039101698464,0.8646270265828504
volume,18,0.58855223676662,0.45347467284943926,0.7753923656771593
volume,19,0.49330129996459243,0.31537511876013824,0.6996166850317768
volume,20,0.3907182373995777,0.20232697522388585,0.5715020784283864
volume,21,0.3175926540859178,0.05913516671164683,0.49036145533909264
volume,22,0.2758568609135901,0.052601571266600144,0.5059740279589093
volume,23,0.20285372550492886,-0.01534313293224512,0.3886375943929819
volume,24,0.1434389318952626,-0.03896061197973957,0.31158629426496853
volume,25,0.09551117066695318,-0.05218342086295212,0.3363931822451021
volume,26,0.05002305792320972,-0.16378094352275302,0.24073379550369337
volume,27,0.02825813754889324,-0.17752009129615445,0.1883410989659733
volume,28,0.009065960390673238,-0.1745130250372329,0.21291616659473325
volume,29,-0.027493778888301023,-0.24099037474143525,0.21900305589436697
volume,30,-0.07035759751365639,-0.2857986649553791,0.11301378178510552
buy imbalance,-240,-0.04975010853951367,-0.12428032057584933,0.020873363162454008
buy imbalance,-239,-0.02199583598601739,-0.09672344521402106,0.045129756114201766
buy imbalance,-238,-0.02699663208088509,-0.09630989118522564,0.04774594927836326
buy imbalance,-237,0.012706498825435921,-0.03920435584684814,0.07120796591061261
buy imbalance,-236,0.0436255842793644,-0.025679116529432822,0.1087003863297648
buy imbalance,-235,0.06233922782647745,-0.009572385766460589,0.1405467916866911
buy imbalance,-234,0.03352917470180975,-0.0271148771748527,0.09724771190445429
buy imbalance,-233,0.0509208809006244,-0.010875371885499984,0.12393814873300672
buy imbalance,-232,0.04432740744589174,-0.023529037347075454,0.12697254987451237
buy imbalance,-231,0.04254635890998115,-0.021407677127109902,0.11513838845479696
buy imbalance,-230,0.053283544155991576,-0.014294816136401106,0.1325831995863237
buy imbalance,-229,0.06871569371971549,0.005647806877147981,0.14045934616411068
buy imbalance,-228,0.07646786012840442,0.00415353537622205,0.14793371140820455
buy imbalance,-227,0.07333319277278048,0.022572373387366434,0.145992102170291
buy imbalance,-226,0.009780052672170162,-0.04715511094629232,0.08742440787259295
buy imbalance,-225,-0.011226520002591755,-0.0926470460139715,0.05746837422007253
buy imbalance,-224,0.04049692448543053,-0.010067074466733758,0.1225801646322655
buy imbalance,-223,0.0518279518519132,-0.013426318113342453,0.12169882278353886
buy imbalance,-222,0.05225152653380834,-0.0065178040383584495,0.12225606717700417
buy imbalance,-221,0.0695457500023598,0.0023010880805589135,0.13939467794181715
buy imbalance,-220,0.05492653051163544,-0.01180235952773057,0.1060680576951171
buy imbalance,-219,0.07487233072529487,0.015427687475461024,0.1499707063435732
buy imbalance,-218,0.11125255904449449,0.02285473176439197,0.1839436611361018
buy imbalance,-217,0.06132002267155326,-0.008013795920249207,0.13940083490585045
buy imbalance,-216,0.06578826362256422,-0.004753552161004848,0.1283078566573424
buy imbalance,-215,0.053041147736641425,-0.013388696915422637,0.12108736193267526
buy imbalance,-214,0.04045025630890155,-0.026476231401857873,0.10926215111309141
buy imbalance,-213,0.07436596321144093,0.014805194311092286,0.1271613750306481
buy imbalance,-212,0.1058531431491884,0.046416023245313874,0.16963804576074973
buy imbalance,-211,0.08990972402669331,0.0114901766600407,0.16108646719443367
buy imbalance,-210,0.08249505997400648,0.021141183994747795,0.14701386442652112
buy imbalance,-209,0.03147372884367596,-0.03167761081177001,0.09413386231959547
buy imbalance,-208,0.053936850870483825,-0.003554507753756624,0.1237241321318688
buy imbalance,-207,0.04062500831574747,-0.04197402583471228,0.0975916037182851
buy imbalance,-206,0.03308424851555491,-0.02975707880387262,0.11487954285394662
buy imbalance,-205,0.038235246897060315,-0.027431499137430735,0.12487240981234039
buy imbalance,-204,0.0745357945296015,0.00876419977505846,0.1414544231984146
buy imbalance,-203,0.06548990065015922,-0.010632260491537619,0.14508732105008196
buy imbalance,-202,0.0704618009530372,0.001016645741515782,0.13406314382637258
buy imbalance,-201,0.0641677388468627,-0.0012990328021244579,0.1378865942690026
buy imbalance,-200,0.0770078004483387,0.0033772096574826507,0.13371827193368016
buy imbalance,-199,0.09572194414365613,0.0207863445452311,0.16439547665718793
buy imbalance,-198,0.05491951459666466,-0.008298063552338046,0.12276860478997703
buy imbalance,-197,0.04705717817986296,-0.01903367919714388,0.11937473166906366
buy imbalance,-196,-0.0064865938040590725,-0.0716641158945411,0.07349522140420191
buy imbalance,-195,-9.050996571163587e-05,-0.0732152839022681,0.08166187845011147
buy imbalance,-194,-0.024900085947374487,-0.09923780583823981,0.031478729765467825
buy imbalance,-193,0.019324616831707934,-0.047531247042651,0.09474718389227374
buy imbalance,-192,-0.006367196900093701,-0.06692290849343675,0.05598125911939204
buy imbalance,-191,-0.05060577873615922,-0.12495649437216973,0.011438277934881426
buy imbalance,-190,-0.07681992898991542,-0.1513504174700582,-0.016633172601237655
buy imbalance,-189,-0.05265506059629186,-0.1363569158025251,0.012715299068508195
buy imbalance,-188,-0.0475015562798914,-0.11317843835830718,0.023982474930399386
buy imbalance,-187,-0.03336191238328511,-0.09255398749256577,0.04222792297092917
buy imbalance,-186,-0.004335670921544321,-0.07944271418123172,0.06017545956094622
buy imbalance,-185,-0.01318495226752275,-0.07721374214322381,0.040821690676297526
buy imbalance,-184,0.019126196848731822,-0.055176322146323335,0.09239928180273234
buy imbalance,-183,0.009128425593682522,-0.06628436227306649,0.05802418045466439
buy imbalance,-182,0.025217793185197034,-0.046446047335267776,0.09034821974448076
buy imbalance,-181,0.07332824975929186,-0.007097484587631922,0.14601298813686095
buy imbalance,-180,0.049301673018801104,-0.02791964108414501,0.10641021151229613
buy imbalance,-179,0.11264101234531941,0.050618248511487655,0.16700011310585947
buy imbalance,-178,0.08964223353498729,0.017884327375335855,0.15485569639122965
buy imbalance,-177,0.09895008236092724,0.02703143041909942,0.1613258336801397
buy imbalance,-176,0.12741649716616116,0.05667792873524156,0.1874193655264987
buy imbalance,-175,0.10802586384192682,0.05245392481104373,0.15535959937875984
buy imbalance,-174,0.08094677597314562,0.01545799913718506,0.14509011690193796
buy imbalance,-173,0.023918961762192884,-0.02244808783823104,0.08485334121543166
buy imbalance,-172,-0.008600770277928944,-0.0800430072167888,0.07081148853806456
buy imbalance,-171,-0.0288140961035751,-0.09536994160275407,0.029420740960997012
buy imbalance,-170,0.008677157392252556,-0.05047784933045775,0.07780125378947805
buy imbalance,-169,0.016278674080460947,-0.052062859959356604,0.08103930449670824
buy imbalance,-168,0.04396890726175251,-0.04076387608085508,0.12394490650576521
buy imbalance,-167,0.06965527015634103,-0.0020995434679084955,0.13201385110476424
buy imbalance,-166,0.04815158716982112,-0.0025580440068206957,0.11085154351725851
buy imbalance,-165,0.029193461788430602,-0.04620070469261707,0.09866891066870942
buy imbalance,-164,0.02251594750952182,-0.028885817383166975,0.08108513212705537
buy imbalance,-163,0.08183323841946087,0.021095816027930776,0.16091174253880944
buy imbalance,-162,0.1440132850766761,0.08532604572655011,0.20544991345433053
buy imbalance,-161,0.10064775860577053,0.028101878364414926,0.17431878265437992
buy imbalance,-160,0.11455712997119685,0.05701845683377912,0.17758695231996421
buy imbalance,-159,0.13110668081025204,0.07270046511527177,0.19890014403559403
buy imbalance,-158,0.09598508607882508,0.03222444544181728,0.14560400480050895
buy imbalance,-157,0.08289953892955648,0.017059974875877126,0.16271186032652696
buy imbalance,-156,0.09662651996174933,0.04252218218064514,0.16406362597999613
buy imbalance,-155,0.10979649219473328,0.052516285337510335,0.17943225043018765
buy imbalance,-154,0.06215156787800617,-0.005618662701703248,0.12107245347553786
buy imbalance,-153,0.02673063891044853,-0.04668612357335158,0.11037114980761013
buy imbalance,-152,0.02124773247045908,-0.04996389548076771,0.09544092697238324
buy imbalance,-151,0.052071407054975365,-0.026048732916384314,0.1217576259676667
buy imbalance,-150,0.0990642777590458,0.03181274299220465,0.1619794962986942
buy imbalance,-149,0.0709332262965901,0.001449843524741967,0.14235231823870595
buy imbalance,-148,0.05224057242606257,0.0003874903592867184,0.11526405864561659
buy imbalance,-147,0.057275351561149934,-0.03924046829876591,0.11982787243138208
buy imbalance,-146,0.041430185684077726,-0.027341740224105945,0.10203680296937738
buy imbalance,-145,0.026393025173887395,-0.03435392666972202,0.10024744781198794
buy imbalance,-144,0.049742602163651645,-0.014615769888583815,0.11462990873495969
buy imbalance,-143,0.06274163346676952,-0.0032306094839260006,0.12059480882466402
buy imbalance,-142,0.08140603712126157,0.02357711754995523,0.1365046085439729
buy imbalance,-141,0.03331662663674501,-0.02545631639190406,0.10355268396039828
buy imbalance,-140,0.034377287978168525,-0.023213617428134836,0.11428153726218801
buy imbalance,-139,0.05674547458786328,-0.005968573604232367,0.13422705836822407
buy imbalance,-138,0.07500934144055343,0.009567481843810075,0.13303180102971895
buy imbalance,-137,0.051265483771953835,-0.01967121560214374,0.12618027579602634
buy imbalance,-136,0.062346721598774094,-0.00938661212564957,0.14861816057633084
buy imbalance,-135,0.06500892347787145,-0.01421748186438679,0.13311074279486895
buy imbalance,-134,0.056884966208963605,-0.007278278775688621,0.12260276868927708
buy imbalance,-133,0.053323989880881266,-0.01865804360067218,0.128017449833664
buy imbalance,-132,0.04767224251604983,-0.02568174978262934,0.12289828270079496
buy imbalance,-131,0.040092291080260384,-0.03179862603334709,0.10481573264734574
buy imbalance,-130,0.05387585253384393,-0.008795156460538939,0.1331619331682668
buy imbalance,-129,0.06489653017141232,0.007174129166804686,0.13485013028561926
buy imbalance,-128,0.05789676399120896,-0.006633355792458045,0.12886493296403712
buy imbalance,-127,0.06809123967926246,0.00387041193105409,0.13826691098575272
buy imbalance,-126,0.024446885666504783,-0.02584569959058292,0.10149576173112632
buy imbalance,-125,-0.008383326332594837,-0.07721795928751823,0.059623699241382444
buy imbalance,-124,-0.04094988222917834,-0.09991320021064608,0.03445374694450515
buy imbalance,-123,-0.02881916020085589,-0.09726731948877407,0.034328995499116464
buy imbalance,-122,-0.04855409794517087,-0.11430176074342005,0.008585061542279254
buy imbalance,-121,-0.0004922932025334366,-0.09601842413638131,0.061300328371977776
buy imbalance,-120,-0.04092274244764425,-0.10435390300286614,0.018513982385329062
buy imbalance,-119,-0.056015864947966926,-0.10803601255814942,0.013869885636640279
buy imbalance,-118,-0.04893492424161174,-0.11624513128945985,0.0050696812434748
buy imbalance,-117,-0.04543505853398871,-0.1198630364223666,0.02803170611675801
buy imbalance,-116,-0.010835403270326345,-0.08945282553072507,0.0564647163888849
buy imbalance,-115,0.02728275037123016,-0.020749987854352493,0.10413810496481127
buy imbalance,-114,0.019549837158141615,-0.04476121150869602,0.0857459555015559
buy imbalance,-113,-0.003177869617240728,-0.06361444316489517,0.07360920077710906
buy imbalance,-112,0.030796621645195314,-0.052870145309178516,0.0782922278167019
buy imbalance,-111,0.03259885035400716,-0.030456043030424026,0.08346119369816907
buy imbalance,-110,0.04548461097200098,-0.025652839436734305,0.11073294363734625
buy imbalance,-109,0.05975941071641706,0.0015013296956033996,0.1306570209802077
buy imbalance,-108,0.059018756283352895,-0.017480519948918277,0.12047762050218369
buy imbalance,-107,0.053910170344792646,-0.004674225029952623,0.12328664749586479
buy imbalance,-106,0.027433107782707637,-0.033826834089563926,0.09164878059555745
buy imbalance,-105,0.05295947057303777,-0.008819604897064882,0.1179074984256089
buy imbalance,-104,0.07211005208554665,0.0005278241692936681,0.13253827174391108
buy imbalance,-103,0.08702733940938821,0.015454945302338926,0.14568306249359417
buy imbalance,-102,0.10840151878011724,0.03091842130185165,0.1658126623547792
buy imbalance,-101,0.09281973738299942,0.028157614888835586,0.18239256154425687
buy imbalance,-100,0.09387027798181297,0.0402434108621745,0.15660166545668588
buy imbalance,-99,0.04839189152816069,-0.016426153005409266,0.11428679635793275
buy imbalance,-98,0.06562646702448066,-0.005114473772080861,0.1389534111032468
buy imbalance,-97,0.05349583386518489,-0.012031052995210182,0.11259611559532279
buy imbalance,-96,0.05417097368140617,-0.015876078059321633,0.12397735509665307
buy imbalance,-95,0.06529685485856135,-0.001996196383486368,0.12865487934468695
buy imbalance,-94,0.010841162898069042,-0.04756133017521521,0.07152490005088288
buy imbalance,-93,0.018871368913279993,-0.03765369803585242,0.06487982559554659
buy imbalance,-92,0.0019315491428618676,-0.061740720901985964,0.06720147907909896
buy imbalance,-91,0.008660860493989446,-0.058038131388394636,0.07751425916979493
buy imbalance,-90,0.028523329014957622,-0.03566149328307035,0.0909679335177392
buy imbalance,-89,0.053371591653599164,-0.009917346188251346,0.10794954862788203
buy imbalance,-88,0.06600967175541704,-0.006016370007187337,0.13018596686382905
buy imbalance,-87,0.05408330602665373,-0.009844177162577704,0.13645284221375192
buy imbalance,-86,0.07133054115868928,0.008546949825291215,0.1574823237708887
buy imbalance,-85,0.09530547944961075,0.018426018509249856,0.18263423904165071
buy imbalance,-84,0.12310543584238545,0.05511771977755019,0.19313481579767822
buy imbalance,-83,0.13342571565346806,0.05831273736303908,0.18043700856012745
buy imbalance,-82,0.12017991618670779,0.06669172171058278,0.18378963311305999
buy imbalance,-81,0.09709563998012347,0.027053337057033486,0.18134244636827979
buy imbalance,-80,0.10055302034485658,0.01618448032095208,0.1549658283086884
buy imbalance,-79,0.12407320848645195,0.05996568273117346,0.1903382849836815
buy imbalance,-78,0.10010731955341437,0.02676333296528549,0.16057041565795965
buy imbalance,-77,0.11722069226884985,0.04958363732648419,0.17560898496992325
buy imbalance,-76,0.12187697771954624,0.049234602330322064,0.1908482443780326
buy imbalance,-75,0.12587625588429135,0.06179458652095762,0.20072884451915993
buy imbalance,-74,0.1239699640259683,0.06155660967037447,0.19351050599214825
buy imbalance,-73,0.07982665437351917,0.018960964510960594,0.15346577387341126
buy imbalance,-72,0.08178905172384983,0.020360850908967082,0.14907973466134927
buy imbalance,-71,0.08059307558684042,0.01301966479462552,0.16125225891136535
buy imbalance,-70,0.08498710361669722,0.012854077799203249,0.13938479155918346
buy imbalance,-69,0.0432616945343675,-0.01720970451550478,0.10819489115547769
buy imbalance,-68,0.037951745398073854,-0.03766892687662449,0.1027157401248788
buy imbalance,-67,0.044140606952984475,-0.03292733202796511,0.10909810447891342
buy imbalance,-66,0.04841033991665165,-0.026538658499712514,0.12129205647289151
buy imbalance,-65,0.02947554442330955,-0.04234637106839059,0.08695522907685295
buy imbalance,-64,0.0407084847836249,-0.025468695499958924,0.10854592974652245
buy imbalance,-63,0.03496520774788972,-0.03751374041706344,0.09692589544765384
buy imbalance,-62,0.0394459791305682,-0.031831919654054526,0.10773669444179965
buy imbalance,-61,0.06801708784170349,0.005957461036397995,0.1363186480094023
buy imbalance,-60,0.04087397434249365,-0.011501797888866482,0.10789633916295437
buy imbalance,-59,0.07205712030549491,0.017604685942478524,0.13864444578926668
buy imbalance,-58,0.07612109119907866,0.020584376962326532,0.1468428063430967
buy imbalance,-57,0.04807330958804264,-0.012391998448537599,0.1044048117082937
buy imbalance,-56,0.06885558105959026,-0.004848647251061622,0.14026431799089784
buy imbalance,-55,0.051908079957786304,-0.020375850565308214,0.12124554489107008
buy imbalance,-54,0.05037276558745479,-0.015006037111659985,0.1045427589217105
buy imbalance,-53,0.04519026860329538,-0.017910221307213498,0.11797949171643111
buy imbalance,-52,0.06746000325557319,0.0004328237497501263,0.12985057178246345
buy imbalance,-51,0.067828948926919,0.007124850058505739,0.13730037181174964
buy imbalance,-50,0.047463487339984275,-0.025902887531646913,0.11676901854702931
buy imbalance,-49,0.051963170812332926,-0.0009724951066040323,0.12433247744934972
buy imbalance,-48,0.05129474556229767,-0.022755438153021747,0.11675292305384777
buy imbalance,-47,0.0822600263452015,0.023581743107965576,0.1590428125083818
buy imbalance,-46,0.0844765434527875,0.03158758551950946,0.1530270385102824
buy imbalance,-45,0.09530785765885603,0.033386054807034056,0.17348584471575082
buy imbalance,-44,0.14709363278040052,0.07554683064232245,0.215024685163439
buy imbalance,-43,0.1853586799088735,0.136083070096674,0.25514658319181455
buy imbalance,-42,0.18745342409723262,0.1232359739137714,0.2449943750175453
buy imbalance,-41,0.20995360596963294,0.15353952936741797,0.2710667145280812
buy imbalance,-40,0.20101148997365306,0.13839520390612794,0.2498972262668684
buy imbalance,-39,0.16133275220763021,0.09430105955253142,0.23252837098116952
buy imbalance,-38,0.15893111608931776,0.09426743721631052,0.22334060791118518
buy imbalance,-37,0.09328020802957986,0.022659170025640205,0.17575162115969323
buy imbalance,-36,0.10352620939334653,0.036779228192966446,0.17051517191647647
buy imbalance,-35,0.10577034192844945,0.04807391749677836,0.17133083574761282
buy imbalance,-34,0.08828430133233348,0.004788718800139554,0.15676315587598208
buy imbalance,-33,0.05991277271439933,-0.009582733306319762,0.12816177924591987
buy imbalance,-32,0.03812427507755925,-0.038179952365393593,0.10215190491117275
buy imbalance,-31,0.035019120704618996,-0.024866316403395136,0.09236535914374054
buy imbalance,-30,0.09439738834216808,0.040310317185958955,0.14919189545533953
buy imbalance,-29,0.0959829168029988,0.024259734938256415,0.17129276891672815
buy imbalance,-28,0.13754657122052275,0.07566290042169113,0.20513873195560628
buy imbalance,-27,0.16544926428300225,0.09538480565330758,0.2322990913000428
buy imbalance,-26,0.21500298724393624,0.13722976696742065,0.2715411108962255
buy imbalance,-25,0.17199952218967865,0.11498643574954905,0.24298099913801416
buy imbalance,-24,0.18952614909217066,0.1309752470820375,0.27954845285636915
buy imbalance,-23,0.1784290073970417,0.11413866880394535,0.25445150744474876
buy imbalance,-22,0.1899135095845959,0.12400821209455096,0.2510641468723965
buy imbalance,-21,0.2021217734161422,0.13993046882810578,0.2572560899616279
buy imbalance,-20,0.2017504336201623,0.1389973641011799,0.2640730999556193
buy imbalance,-19,0.18578892026210456,0.10970414409903702,0.24648608330184194
buy imbalance,-18,0.201937942402205,0.1417894399280893,0.2610849914954499
buy imbalance,-17,0.19682834580261263,0.13055803965969384,0.27514908916098807
buy imbalance,-16,0.14225907326226972,0.0834790113997863,0.19831243606184673
buy imbalance,-15,0.13519377122645226,0.06366404790267209,0.18822693026083598
buy imbalance,-14,0.15259916717965902,0.09566471649990103,0.22232969949979708
buy imbalance,-13,0.18223003608743432,0.10557769127579406,0.2472383881643289
buy imbalance,-12,0.16283590294247474,0.09419468462387692,0.2371183480758988
buy imbalance,-11,0.17081348074081892,0.10012832758673842,0.25009890754137387
buy imbalance,-10,0.16924375220158092,0.096198771884501,0.2401680575602046
buy imbalance,-9,0.17890027838319636,0.12249302848963442,0.25993926978662396
buy imbalance,-8,0.20097843983040856,0.13516654441957635,0.2727863106147639
buy imbalance,-7,0.22586821528870468,0.18555453352057277,0.29672730204274994
buy imbalance,-6,0.21842190589739063,0.15604019205916092,0.27381193582660046
buy imbalance,-5,0.2565401639961657,0.18862782995056615,0.31793426572737005
buy imbalance,-4,0.2806032581248706,0.2164752925052411,0.33470029450975086
buy imbalance,-3,0.25666431181821425,0.1849598777435301,0.3228951568777277
buy imbalance,-2,0.2568308864269387,0.1864707593834773,0.3080664342202889
buy imbalance,-1,0.24929713457579772,0.19038413794445377,0.3107131874351459
buy imbalance,0,0.4536737065298737,0.3881696387987835,0.5179177929511792
buy imbalance,1,0.4874130058526892,0.43658506568521877,0.5351932157440943
buy imbalance,2,0.506491045603246,0.44939593739797995,0.5502061030397042
buy imbalance,3,0.5019477362764729,0.4562613952021489,0.5526756799269512
buy imbalance,4,0.5124695768186773,0.45588371257100085,0.5527394895291486
buy imbalance,5,0.4914577583865008,0.4518379473058301,0.5411070798042639
buy imbalance,6,0.48519853607998825,0.4212985751185902,0.5340611000845844
buy imbalance,7,0.4906167151824192,0.44916948607711465,0.5340156608746529
buy imbalance,8,0.5060624304128202,0.4539649303652968,0.5531391902693416
buy imbalance,9,0.5155183736693989,0.46793898470683853,0.557738865763796
buy imbalance,10,0.39563199592645815,0.3510124680181819,0.45162552679616014
buy imbalance,11,0.36614192367148557,0.31638709317632535,0.4226179355953793
buy imbalance,12,0.3254225139782617,0.26976109661652775,0.381473490534212
buy imbalance,13,0.2932829933709908,0.24472473932410493,0.3369967312486612
buy imbalance,14,0.2628234580855181,0.21740494051279438,0.3139936111969202
buy imbalance,15,0.2556240565996748,0.21202133164905376,0.31242730978288613
buy imbalance,16,0.23452012614543957,0.18355559188608697,0.29792541052508853
buy imbalance,17,0.22009365223408492,0.17605950749702035,0.2702617378406734
buy imbalance,18,0.2197982074961876,0.16364455400189576,0.26257315262037856
buy imbalance,19,0.20830347353395062,0.14956831417136876,0.25814586674259743
buy imbalance,20,0.18412599266102952,0.13021710125102973,0.23836762901749162
buy imbalance,21,0.199608242274297,0.15330153024712187,0.24740028712490286
buy imbalance,22,0.1897599447340418,0.12225336396440367,0.2285117194660664
buy imbalance,23,0.17242615585751217,0.11562870092115123,0.21860152687744483
buy imbalance,24,0.16154352438872863,0.11027857666418163,0.2037141274224893
buy imbalance,25,0.14192306410366126,0.09709896924253562,0.19707234272547758
buy imbalance,26,0.13887369549204254,0.09969282065230371,0.19726000528909501
buy imbalance,27,0.12390106396006854,0.07106502999701192,0.1878322859788826
buy imbalance,28,0.09310721458573679,0.04352463674453938,0.13768392235373617
buy imbalance,29,0.09569142134966431,0.03375295474025533,0.15045389349142552
buy imbalance,30,0.07638479134472673,0.03273537685867439,0.13555415624331896
