data,members,sweep,N,K,q,unsigned global@1,unsigned global@5,unsigned global@10,signed global@1,signed global@5,signed global@10,signed tier@1,signed tier@5,signed tier@10,member flagged p<=0.01 (unsigned),member flagged p<=0.01 (signed),n trials
orders SOL (L4),all,accounts,100,12,3,0.28888888888888886,0.7388888888888889,0.8722222222222222,0.23333333333333334,0.7055555555555556,0.8777777777777778,0.23333333333333334,0.4666666666666667,0.7833333333333333,0.412037037037037,0.2949074074074074,180
orders SOL (L4),all,accounts,200,12,3,0.1111111111111111,0.4111111111111111,0.7055555555555556,0.11666666666666667,0.46111111111111114,0.6888888888888889,0.11666666666666667,0.25555555555555554,0.40555555555555556,0.33981481481481485,0.2513888888888889,180
orders SOL (L4),all,accounts,400,12,3,0.07222222222222222,0.2777777777777778,0.4888888888888889,0.09444444444444444,0.28888888888888886,0.4444444444444444,0.09444444444444444,0.13333333333333333,0.22777777777777777,0.2763888888888889,0.22407407407407412,180
orders SOL (L4),all,accounts,468,12,3,0.03333333333333333,0.20555555555555555,0.4111111111111111,0.044444444444444446,0.2388888888888889,0.4111111111111111,0.044444444444444446,0.1,0.17222222222222222,0.2939814814814815,0.23425925925925925,180
orders SOL (L4),all,ring size,468,4,3,0.005555555555555556,0.08888888888888889,0.15,0.011111111111111112,0.09444444444444444,0.14444444444444443,0.011111111111111112,0.016666666666666666,0.044444444444444446,0.25833333333333336,0.20833333333333334,180
orders SOL (L4),all,ring size,468,8,3,0.027777777777777776,0.17222222222222222,0.31666666666666665,0.03333333333333333,0.16111111111111112,0.3111111111111111,0.03333333333333333,0.07222222222222222,0.10555555555555556,0.30625,0.23680555555555555,180
orders SOL (L4),all,ring size,468,16,3,0.044444444444444446,0.2833333333333333,0.5277777777777778,0.06111111111111111,0.32222222222222224,0.5333333333333333,0.06111111111111111,0.1,0.20555555555555555,0.28402777777777777,0.22916666666666666,180
orders SOL (L4),all,ring size,468,32,3,0.13333333333333333,0.4777777777777778,0.7222222222222222,0.15555555555555556,0.49444444444444446,0.7722222222222223,0.15555555555555556,0.2611111111111111,0.4222222222222222,0.32864583333333336,0.26805555555555555,180
orders SOL (L4),all,orders per push,468,12,1,0.05,0.2111111111111111,0.4,0.05555555555555555,0.22777777777777777,0.4222222222222222,0.05555555555555555,0.10555555555555556,0.18888888888888888,0.31990740740740736,0.27037037037037037,180
orders SOL (L4),all,orders per push,468,12,2,0.08333333333333333,0.2777777777777778,0.43333333333333335,0.06666666666666667,0.2722222222222222,0.4388888888888889,0.06666666666666667,0.11666666666666667,0.2222222222222222,0.3125,0.24953703703703703,180
orders SOL (L4),all,orders per push,468,12,5,0.05,0.17222222222222222,0.36666666666666664,0.05,0.22777777777777777,0.3888888888888889,0.05,0.1,0.15,0.3055555555555556,0.23796296296296293,180
orders SOL (L4),low,accounts,100,12,3,0.05,0.15555555555555556,0.35,0.03333333333333333,0.1111111111111111,0.21666666666666667,0.03333333333333333,0.34444444444444444,0.6333333333333333,0.33055555555555555,0.20694444444444443,180
orders SOL (L4),low,accounts,200,12,3,0.0,0.005555555555555556,0.022222222222222223,0.0,0.0,0.005555555555555556,0.0,0.016666666666666666,0.07777777777777778,0.10324074074074073,0.07083333333333333,180
orders SOL (L4),low,accounts,400,12,3,0.0,0.0,0.0,0.0,0.0,0.0,0.0,0.0,0.005555555555555556,0.04212962962962962,0.02592592592592592,180
orders SOL (L4),low,accounts,468,12,3,0.0,0.0,0.0,0.0,0.0,0.0,0.0,0.0,0.0,0.029166666666666667,0.02824074074074074,180
orders SOL (L4),low,ring size,468,4,3,0.0,0.0,0.0,0.0,0.0,0.0,0.0,0.0,0.0,0.04722222222222222,0.029166666666666667,180
orders SOL (L4),low,ring size,468,8,3,0.0,0.0,0.0,0.0,0.0,0.0,0.0,0.0,0.0,0.030555555555555555,0.025,180
orders SOL (L4),low,ring size,468,16,3,0.0,0.0,0.0,0.0,0.0,0.0,0.0,0.0,0.0,0.050347222222222224,0.04131944444444444,180
orders SOL (L4),low,ring size,468,32,3,0.0,0.0,0.0,0.0,0.0,0.0,0.0,0.0,0.011111111111111112,0.10677083333333333,0.06458333333333334,180
orders SOL (L4),low,orders per push,468,12,1,0.0,0.0,0.0,0.0,0.0,0.0,0.0,0.0,0.011111111111111112,0.06944444444444445,0.06296296296296296,180
orders SOL (L4),low,orders per push,468,12,2,0.0,0.0,0.0,0.0,0.0,0.0,0.0,0.0,0.0,0.04583333333333333,0.027314814814814813,180
orders SOL (L4),low,orders per push,468,12,5,0.0,0.0,0.0,0.0,0.0,0.0,0.0,0.0,0.0,0.04351851851851852,0.024537037037037034,180
