data,accounts,n account-windows,unsigned p<=0.01,signed p<=0.01,unsigned p<=0.05,signed p<=0.05
fills BTC,3-9,2051,0.16869819600195027,0.0,0.3100926377376889,0.0
fills BTC,10-99,1580,0.1208860759493671,0.0,0.25949367088607594,0.0
fills BTC,>=100,134,0.3880597014925373,0.0,0.5671641791044776,0.0
fills BTC,all,3765,0.15644090305444888,0.0,0.29800796812749003,0.0
fills BTC,two-sided,913,0.2059145673603505,0.0,0.39211391018619934,0.0
fills ETH,3-9,1176,0.14540816326530612,0.0,0.29081632653061223,0.0
fills ETH,10-99,728,0.19230769230769232,0.0,0.32967032967032966,0.0
fills ETH,>=100,26,0.34615384615384615,0.0,0.5,0.0
fills ETH,all,1930,0.16580310880829016,0.0,0.3082901554404145,0.0
fills ETH,two-sided,514,0.2529182879377432,0.0,0.41245136186770426,0.0
fills HYPE,3-9,1912,0.15428870292887029,0.0,0.2975941422594142,0.0
fills HYPE,10-99,1631,0.13979153893316984,0.0006131207847946045,0.2691600245248314,0.0018393623543838135
fills HYPE,>=100,189,0.21164021164021163,0.0,0.3862433862433862,0.0
fills HYPE,all,3732,0.15085744908896034,0.0002679528403001072,0.2896570203644159,0.0008038585209003215
fills HYPE,two-sided,757,0.27344782034346105,0.0,0.49801849405548215,0.0
orders SOL (L4),3-9,843,0.07473309608540925,0.066429418742586,0.1981020166073547,0.20640569395017794
orders SOL (L4),10-99,645,0.33178294573643413,0.32558139534883723,0.4573643410852713,0.4372093023255814
orders SOL (L4),>=100,682,0.655425219941349,0.5175953079178885,0.7228739002932552,0.593841642228739
orders SOL (L4),all,2170,0.3336405529953917,0.28525345622119813,0.4400921658986175,0.3967741935483871
orders SOL (L4),two-sided,1166,0.5248713550600344,0.43567753001715265,0.6243567753001715,0.5343053173241853
