sweep,N,K,q,n_push,unsigned global@1,unsigned global@5,unsigned global@10,signed global@1,signed global@5,signed global@10,signed tier@1,signed tier@5,signed tier@10,member flagged p<=0.01 (unsigned),member flagged p<=0.01 (signed),n trials
orders per push,468,12,0,10,0.0,0.0,0.0,0.0,0.0,0.0,0.0,0.20555555555555555,0.39444444444444443,0.09675925925925924,0.09212962962962962,180
orders per push,468,12,3,10,0.0,0.0,0.0,0.0,0.0,0.0,0.0,0.0,0.0,0.033796296296296297,0.028703703703703707,180
orders per push,468,12,10,10,0.0,0.0,0.0,0.0,0.0,0.0,0.0,0.0,0.0,0.10277777777777777,0.058333333333333334,180
orders per push,468,12,30,10,0.0,0.0,0.005555555555555556,0.0,0.0,0.0,0.0,0.0,0.0,0.7675925925925925,0.40555555555555556,180
orders per push,468,12,100,10,0.5888888888888889,0.8666666666666667,0.95,0.5888888888888889,0.8,0.8944444444444445,0.5888888888888889,0.6722222222222223,0.7722222222222223,1.0,0.9958333333333333,180
orders per push,468,12,300,10,0.9944444444444445,1.0,1.0,1.0,1.0,1.0,1.0,1.0,1.0,1.0,1.0,180
accounts,100,12,100,10,1.0,1.0,1.0,1.0,1.0,1.0,1.0,1.0,1.0,1.0,1.0,180
accounts,200,12,100,10,1.0,1.0,1.0,1.0,1.0,1.0,1.0,1.0,1.0,1.0,0.999537037037037,180
accounts,400,12,100,10,0.7722222222222223,0.9111111111111111,0.9611111111111111,0.7833333333333333,0.9111111111111111,0.9555555555555556,0.7888888888888889,0.8333333333333334,0.9111111111111111,1.0,0.9962962962962962,180
accounts,468,12,100,10,0.6277777777777778,0.8166666666666667,0.9277777777777778,0.65,0.7888888888888889,0.9055555555555556,0.6555555555555556,0.7,0.7722222222222223,0.999074074074074,0.9962962962962962,180
ring size,468,4,100,10,0.0,0.0,0.005555555555555556,0.0,0.0,0.0,0.0,0.0,0.0,0.6277777777777778,0.375,180
ring size,468,8,100,10,0.18888888888888888,0.37222222222222223,0.45,0.18888888888888888,0.2611111111111111,0.29444444444444445,0.18888888888888888,0.22777777777777777,0.25,0.9965277777777778,0.9097222222222222,180
ring size,468,16,100,10,0.9722222222222222,1.0,1.0,1.0,1.0,1.0,1.0,1.0,1.0,1.0,0.9996527777777777,180
ring size,468,32,100,10,1.0,1.0,1.0,0.9944444444444445,1.0,1.0,1.0,1.0,1.0,0.9998263888888889,0.9998263888888889,180
pushes per window,468,12,100,3,0.2111111111111111,0.36666666666666664,0.4666666666666667,0.16666666666666666,0.21666666666666667,0.2388888888888889,0.16666666666666666,0.16666666666666666,0.20555555555555555,0.9592592592592593,0.8472222222222222,180
pushes per window,468,12,100,10,0.6166666666666667,0.8333333333333334,0.9111111111111111,0.6388888888888888,0.7944444444444444,0.8555555555555555,0.6388888888888888,0.7055555555555556,0.7666666666666667,0.9995370370370371,0.9981481481481481,180
pushes per window,468,12,100,30,0.9166666666666666,1.0,1.0,1.0,1.0,1.0,1.0,1.0,1.0,1.0,1.0,180
