window,orders,active accounts,accounts with >=3 orders,quiet accounts,variance of aggregate flow per bin,median variance of a quiet account,effective number of accounts
0,40115,378,211,92,9341.103055555555,0.01638888888888889,569965.6101694915
1,43413,563,258,121,8170.300655555558,0.016566666666666667,493177.10194500344
2,67626,662,278,138,22654.94448888889,0.018127777777777777,1249736.4413116765
3,63209,715,325,187,17048.83878888889,0.01638888888888889,1040268.1294915254
4,74150,468,234,99,28430.45862222222,0.01656666666666667,1716124.2629107977
5,66794,376,207,82,25779.1696,0.018127777777777777,1422081.0689549495
6,63860,351,203,77,22844.407955555555,0.016655555555555555,1371578.8632421615
7,65327,423,214,86,16476.744122222226,0.01647777777777778,999937.2697235335
8,67988,638,240,111,19506.41862222222,0.019599999999999996,995225.4399092972
