factor,level,catch@5,catch@1,honest flagged p<=0.01,accounts per window,ring windows
tolerances,"(1,)","0.89 [0.85, 0.94]","0.44 [0.38, 0.52]",0.013293672652491645,100.2532894736842,113
tolerances,"(1, 5)","0.88 [0.83, 0.93]","0.55 [0.48, 0.62]",0.013183504094598068,100.2532894736842,113
tolerances,"(1, 5, 15)","0.91 [0.86, 0.96]","0.56 [0.50, 0.63]",0.013734346884065954,100.2532894736842,113
tolerances,"(1, 5, 15, 30)","0.90 [0.86, 0.95]","0.55 [0.49, 0.61]",0.0135140097682788,100.2532894736842,113
window length (steps),150,"0.88 [0.83, 0.91]","0.41 [0.34, 0.47]",0.006711257227071761,80.56085526315789,207
window length (steps),300,"0.91 [0.86, 0.96]","0.56 [0.50, 0.63]",0.013734346884065954,100.2532894736842,113
window length (steps),600,"0.91 [0.84, 0.97]","0.58 [0.46, 0.71]",0.018192488262910797,107.88125,65
noise traders (accounts),80,"0.91 [0.86, 0.96]","0.56 [0.50, 0.63]",0.013734346884065954,100.2532894736842,113
noise traders (accounts),200,"0.84 [0.76, 0.90]","0.45 [0.34, 0.55]",0.01006182772931312,205.54934210526315,120
noise traders (accounts),400,"0.64 [0.55, 0.71]","0.17 [0.10, 0.25]",0.009203572079460542,372.9342105263158,111
noise traders (accounts),800,"0.28 [0.24, 0.34]","0.08 [0.03, 0.14]",0.00985817076164756,708.046052631579,109
ring size K,4,"0.79 [0.72, 0.85]","0.41 [0.33, 0.49]",0.013050510991838835,93.47039473684211,113
ring size K,8,"0.88 [0.84, 0.94]","0.50 [0.42, 0.60]",0.01220049977950904,97.10197368421052,113
ring size K,16,"0.94 [0.89, 0.97]","0.53 [0.44, 0.60]",0.012160413971539457,103.60855263157895,113
ring size K,30,"0.94 [0.91, 0.97]","0.63 [0.56, 0.69]",0.011953971623282315,114.91447368421052,113
ring push probability,0.2,"0.46 [0.37, 0.55]","0.13 [0.08, 0.20]",0.01249585314607984,99.8157894736842,112
ring push probability,0.4,"0.79 [0.73, 0.87]","0.31 [0.23, 0.39]",0.014036892775777174,100.21710526315789,112
ring push probability,0.8,"0.91 [0.86, 0.96]","0.56 [0.50, 0.63]",0.013734346884065954,100.2532894736842,113
