ring,detector,AP,catch@1,catch@3,catch@5,catch@10
default,otr,0.03137662655682641,0.0,0.0,0.0,0.018518518518518517
default,iforest (no labels),0.03245156816917327,0.0,0.0,0.018518518518518517,0.05555555555555555
default,pairwise (no labels),0.04217943761199195,0.0,0.0,0.0,0.018518518518518517
default,coincidence (no labels),0.20840944619370888,0.46296296296296297,0.8055555555555556,0.8981481481481481,0.9814814814814815
default,coincidence-4w (no labels),0.49821574402388225,0.7222222222222222,0.8888888888888888,0.9166666666666666,0.9629629629629629
default,gbm (labels),0.9251755252903527,0.9907407407407407,0.9907407407407407,0.9907407407407407,0.9907407407407407
many small,otr,0.08238924867868433,0.0,0.0,0.0,0.2037037037037037
many small,iforest (no labels),0.07103391930930439,0.027777777777777776,0.037037037037037035,0.06481481481481481,0.3425925925925926
many small,pairwise (no labels),0.08437579406364522,0.0,0.0,0.0,0.037037037037037035
many small,coincidence (no labels),0.1365477055302839,0.3888888888888889,0.7962962962962963,0.8796296296296297,0.9537037037037037
many small,coincidence-4w (no labels),0.1841402255894513,0.5092592592592593,0.7870370370370371,0.8611111111111112,0.9907407407407407
many small,gbm (labels),0.15413455489124697,0.5370370370370371,0.8240740740740741,0.8981481481481481,0.9907407407407407
jittered,otr,0.055501604431000766,0.0,0.0,0.0,0.08411214953271028
jittered,iforest (no labels),0.04497665571513664,0.0,0.009345794392523364,0.018691588785046728,0.08411214953271028
jittered,pairwise (no labels),0.06388116035198782,0.0,0.0,0.0,0.018691588785046728
jittered,coincidence (no labels),0.16816668244777694,0.4953271028037383,0.7476635514018691,0.8785046728971962,0.9719626168224299
jittered,coincidence-4w (no labels),0.33583889799109407,0.6635514018691588,0.8598130841121495,0.9158878504672897,0.9813084112149533
jittered,gbm (labels),0.37650934529431523,0.8691588785046729,0.9719626168224299,0.9906542056074766,0.9906542056074766
stealth,otr,0.07190068331208121,0.0,0.0,0.0,0.2336448598130841
stealth,iforest (no labels),0.06404089010873622,0.018691588785046728,0.056074766355140186,0.1588785046728972,0.40186915887850466
stealth,pairwise (no labels),0.0754347680859625,0.0,0.0,0.0,0.009345794392523364
stealth,coincidence (no labels),0.09036722680481246,0.2616822429906542,0.5607476635514018,0.7289719626168224,0.9158878504672897
stealth,coincidence-4w (no labels),0.09790970997137272,0.2803738317757009,0.5981308411214953,0.7663551401869159,0.9532710280373832
stealth,gbm (labels),0.12151412999665354,0.34579439252336447,0.7570093457943925,0.9065420560747663,0.9719626168224299
