scenario,detector,AP,catch@1,catch@3,catch@5,catch@10
clean,order-to-trade ratio,0.030767751049206336,"0.00 [0.00, 0.00]","0.00 [0.00, 0.00]","0.00 [0.00, 0.00]","0.03 [0.01, 0.06]"
clean,isolation forest (no labels),0.034791044213615965,"0.00 [0.00, 0.00]","0.00 [0.00, 0.00]","0.01 [0.00, 0.02]","0.07 [0.03, 0.10]"
clean,"coincidence, unsigned (no labels)",0.21797170693452445,"0.47 [0.39, 0.54]","0.76 [0.67, 0.83]","0.85 [0.78, 0.91]","0.90 [0.83, 0.94]"
clean,"coincidence, signed (no labels)",0.24196024151955092,"0.58 [0.49, 0.65]","0.82 [0.77, 0.87]","0.87 [0.81, 0.92]","0.91 [0.86, 0.95]"
clean,"gradient boosting (trained with labels, clean market)",0.9173471030862659,"0.98 [0.97, 1.00]","0.99 [0.97, 1.00]","1.00 [1.00, 1.00]","1.00 [1.00, 1.00]"
+ MM desks,order-to-trade ratio,0.02846719277894848,"0.00 [0.00, 0.00]","0.00 [0.00, 0.00]","0.00 [0.00, 0.00]","0.00 [0.00, 0.00]"
+ MM desks,isolation forest (no labels),0.030707991431681344,"0.00 [0.00, 0.00]","0.00 [0.00, 0.00]","0.01 [0.00, 0.02]","0.03 [0.01, 0.05]"
+ MM desks,"coincidence, unsigned (no labels)",0.09990287638835654,"0.07 [0.03, 0.11]","0.09 [0.04, 0.16]","0.32 [0.20, 0.46]","0.80 [0.70, 0.89]"
+ MM desks,"coincidence, signed (no labels)",0.27423028953293455,"0.57 [0.50, 0.64]","0.84 [0.78, 0.89]","0.88 [0.82, 0.92]","0.92 [0.88, 0.95]"
+ MM desks,"gradient boosting (trained with labels, clean market)",0.9350343105699812,"0.98 [0.96, 0.99]","1.00 [1.00, 1.00]","1.00 [1.00, 1.00]","1.00 [1.00, 1.00]"
+ fund splitting orders,order-to-trade ratio,0.028110291490505968,"0.00 [0.00, 0.00]","0.00 [0.00, 0.00]","0.00 [0.00, 0.00]","0.05 [0.03, 0.08]"
+ fund splitting orders,isolation forest (no labels),0.02750183956915807,"0.00 [0.00, 0.00]","0.00 [0.00, 0.00]","0.00 [0.00, 0.00]","0.04 [0.02, 0.07]"
+ fund splitting orders,"coincidence, unsigned (no labels)",0.11658156295985914,"0.34 [0.28, 0.42]","0.59 [0.51, 0.67]","0.71 [0.65, 0.77]","0.82 [0.77, 0.87]"
+ fund splitting orders,"coincidence, signed (no labels)",0.12399272166027152,"0.37 [0.30, 0.45]","0.65 [0.57, 0.74]","0.74 [0.66, 0.80]","0.84 [0.78, 0.89]"
+ fund splitting orders,"gradient boosting (trained with labels, clean market)",0.8818676853926911,"0.99 [0.97, 1.00]","0.99 [0.98, 1.00]","0.99 [0.98, 1.00]","0.99 [0.98, 1.00]"
+ bot fleet,order-to-trade ratio,0.029614709735642744,"0.03 [0.01, 0.07]","0.08 [0.02, 0.15]","0.13 [0.05, 0.22]","0.18 [0.08, 0.28]"
+ bot fleet,isolation forest (no labels),0.030847341467384395,"0.01 [0.00, 0.02]","0.01 [0.00, 0.02]","0.01 [0.00, 0.03]","0.10 [0.06, 0.14]"
+ bot fleet,"coincidence, unsigned (no labels)",0.21936394297460163,"0.45 [0.35, 0.53]","0.74 [0.68, 0.79]","0.86 [0.80, 0.91]","0.92 [0.89, 0.95]"
+ bot fleet,"coincidence, signed (no labels)",0.21656725617976488,"0.47 [0.40, 0.54]","0.77 [0.71, 0.83]","0.85 [0.79, 0.90]","0.92 [0.89, 0.96]"
+ bot fleet,"gradient boosting (trained with labels, clean market)",0.9107777559516497,"0.98 [0.96, 0.99]","0.98 [0.96, 1.00]","0.98 [0.96, 1.00]","0.99 [0.98, 1.00]"
all three,order-to-trade ratio,0.025894539638656074,"0.03 [0.01, 0.05]","0.07 [0.02, 0.11]","0.09 [0.04, 0.14]","0.17 [0.10, 0.24]"
all three,isolation forest (no labels),0.022683755469239064,"0.01 [0.00, 0.02]","0.01 [0.00, 0.03]","0.02 [0.00, 0.03]","0.05 [0.02, 0.09]"
all three,"coincidence, unsigned (no labels)",0.06132906288481187,"0.03 [0.01, 0.06]","0.10 [0.04, 0.16]","0.23 [0.15, 0.31]","0.58 [0.49, 0.67]"
all three,"coincidence, signed (no labels)",0.0750952577211196,"0.20 [0.14, 0.28]","0.41 [0.30, 0.52]","0.52 [0.42, 0.63]","0.69 [0.60, 0.78]"
all three,"gradient boosting (trained with labels, clean market)",0.8897588913731602,"0.98 [0.96, 0.99]","0.98 [0.97, 1.00]","0.98 [0.97, 1.00]","0.99 [0.98, 1.00]"
