N,alpha,mean flagged per window,bound N*alpha,share of windows with any flag at Bonferroni alpha/N,min attainable p = 1/T
50,0.01,0.5,0.5,0.0,0.0033333333333333335
50,0.05,2.6333333333333333,2.5,0.0,0.0033333333333333335
150,0.01,1.48,1.5,0.0,0.0033333333333333335
150,0.05,7.3533333333333335,7.5,0.0,0.0033333333333333335
300,0.01,2.92,3.0,0.0,0.0033333333333333335
300,0.05,15.033333333333333,15.0,0.0,0.0033333333333333335
600,0.01,6.133333333333334,6.0,0.0,0.0033333333333333335
600,0.05,29.866666666666667,30.0,0.0,0.0033333333333333335
1200,0.01,12.76,12.0,0.0,0.0033333333333333335
1200,0.05,60.72666666666667,60.0,0.0,0.0033333333333333335
