tick reduction,outcome,level before,level after,change,s.e.
2 -> 1,CS spread (%),0.42193175996709176,0.3353417271591546,-0.08659003280793715,0.07108635456661942
2 -> 1,daily range (%),2.1077097263883653,1.9563021770708668,-0.15140754931749845,0.1092271311182022
2 -> 1,|return| (%),1.0447928678161864,1.0085224276221807,-0.036270440194005715,0.09454660759464918
2 -> 1,zero-return share,0.11931818181818182,0.07386363636363635,-0.04545454545454547,0.02832780578995965
2 -> 1,log volume,9.354014916227147,9.281831915847405,-0.07218300037974146,0.026728425742939616
2 -> 1,quoted spread (%),0.847020350070102,0.6360068078462204,-0.21101354222388158,0.03242038240175534
5 -> 1,CS spread (%),0.9548362088047802,0.3353417271591546,-0.6194944816456256,0.09898526847374722
5 -> 1,daily range (%),2.831438503972639,1.9563021770708668,-0.8751363269017722,0.12237667616731152
5 -> 1,|return| (%),1.5617879529715484,1.0085224276221807,-0.5532655253493677,0.10497070899998831
5 -> 1,zero-return share,0.13068181818181818,0.07386363636363635,-0.05681818181818182,0.02332809718051934
5 -> 1,log volume,9.392491615956734,9.281831915847405,-0.1106597001093288,0.024590932434010813
5 -> 1,quoted spread (%),1.8095880276456953,0.6360068078462204,-1.1735812197994748,0.058719132784170416
10 -> 1,CS spread (%),2.240344344364784,0.3353417271591546,-1.9050026172056296,0.1577074677078509
10 -> 1,daily range (%),3.947279392597027,1.9563021770708668,-1.99097721552616,0.2051432036313831
10 -> 1,|return| (%),1.8107441856314896,1.0085224276221807,-0.802221758009309,0.14014055853392887
10 -> 1,zero-return share,0.33522727272727276,0.07386363636363635,-0.2613636363636364,0.03631795019674853
10 -> 1,log volume,9.507742008732569,9.281831915847405,-0.2259100928851634,0.022086079949127424
10 -> 1,quoted spread (%),2.896735916326909,0.6360068078462204,-2.260729108480689,0.13712598190864972
