week,HOSE,controls,difference
-8,0.10091880723780577,0.008665339657298599,0.09225346758050718
-7,0.065032525336425,-0.0006161141315484953,0.0656486394679735
-6,-0.13234425039172382,0.013018070887425792,-0.1453623212791496
-5,0.000623499068575839,-0.0018819065496045728,0.002505405618180412
-4,0.0373214399151891,-0.026295777130561693,0.0636172170457508
-3,-0.07000892255069713,-0.004721324586707987,-0.06528759796398914
-2,0.016380048303859307,0.00983388612292213,0.006546162180937176
-1,-0.017923146919434196,0.015866223236463528,-0.033789370155897724
0,-0.12227681576385707,-0.036494302306555426,-0.08578251345730165
1,-0.06848264555520922,-0.03484944309157778,-0.03363320246363144
2,-0.10134961210851201,-0.03550859810138918,-0.06584101400712283
3,-0.0055897999992921,0.015649544977465124,-0.021239344976757224
4,-0.04125076429041241,-0.012372564635191097,-0.028878199655221315
5,-0.1484337905538854,-0.03886924927185659,-0.1095645412820288
6,-0.08560904954196846,-0.04143068103296105,-0.044178368509007415
7,-0.1274504634436796,-0.047484646470780545,-0.07996581697289906
8,-0.07457856981873312,0.03242774484704308,-0.1070063146657762
