draw,n_noise,n_fund,mm_activity,fund_sigma,mm_imb_sens,mom_activity,cancel_share,daily_vol_pct,retail_share,spread_ticks,accepted
0,594,28,0.07894484052768798,1.0410195721651174,2.9554050901609195,0.05658900495682795,0.2984595745900982,0.5878428323299552,0.7845127946340434,3.4557894736842103,False
1,449,40,0.09832410385126672,0.5277911317096629,3.3364428785230364,0.05795704139449824,0.31479799563368627,1.0763341832624644,0.6942411804396942,2.9700877192982458,True
2,486,39,0.1013392146097091,0.7445024163313423,2.966996428595352,0.10164864511045121,0.2913863274286309,1.7203858973459658,0.705713129682775,3.1260526315789474,False
3,577,59,0.08273609309990332,0.91883776566386,3.2405399916753885,0.0704904524308741,0.24220934782739628,1.4348027354691357,0.7201095680164503,3.2266666666666666,False
4,632,25,0.137876821981313,0.6387209784135005,2.284965005085842,0.11241977493116101,0.3598518394501117,0.3936838517788348,0.7687206010557315,3.308859649122807,False
5,549,46,0.09770477321454651,1.018621607719053,1.575865019156178,0.09948755669589364,0.2824140239022002,1.132507143916153,0.7110303102948331,3.1571052631578946,True
6,506,38,0.06726821708034063,0.9284000539423158,3.828659636853386,0.06450338176567008,0.25095886398829254,1.5292553607531496,0.759676689410137,3.498947368421053,False
7,533,47,0.08385304725259399,0.9934053440554643,3.305412020355294,0.06531007971981632,0.2437800670958431,1.8563427142304205,0.737272865179301,3.466413279371224,False
8,466,54,0.11261217686985947,0.9462391262882802,3.5501893754263376,0.08000010330089233,0.2768139234122499,1.689816774003246,0.6848453652056152,3.1468276450195587,False
9,638,52,0.13027841477330032,0.48185593753765954,3.6244208436653844,0.07757491328426346,0.32379110104449854,0.8659657849661344,0.7172259061000624,2.909385964912281,False
10,621,42,0.07170676558065588,0.9587410759576748,2.2299465399696277,0.11097974048555123,0.23300174112469535,1.1058588160699356,0.77823751115389,3.6991228070175435,False
11,394,34,0.1049447774984712,0.7197249769043622,3.0322737297560978,0.06376474678404866,0.3301255702735385,1.0846887150832412,0.6928873232494814,3.094122807017544,True
12,590,31,0.11974883085198704,1.001778734695422,2.9174446861322805,0.11447557740980509,0.31414868280506286,0.8159482858569687,0.7635074186224333,3.4506140350877192,False
13,493,32,0.12807208996733213,0.535189849061669,3.910894302235699,0.09365849096743062,0.37135703954313287,0.6316128058257188,0.7332777578386116,3.056842105263158,False
14,643,46,0.1376447010506099,1.0296261710310168,3.474793690221386,0.05378656305096757,0.29346397381450734,1.5752599963521137,0.7275952175490974,3.3035964912280704,False
15,511,38,0.06679158177323744,0.5548220651724115,2.034667476730368,0.1101049352516133,0.2516848325091685,1.063482258943694,0.7663695790934093,3.522982456140351,False
16,499,29,0.08374062147115596,0.7942775831394661,3.623651027973842,0.11756619945861628,0.2901890783573514,0.672115026225808,0.7404682320118194,3.4123684210526317,False
17,631,50,0.07709497755444385,0.8359861451664032,3.2648976074672174,0.05363177694086376,0.23925003470714892,1.6967744106806184,0.7478302777949901,3.3996491228070176,False
18,438,49,0.08946254681112649,0.8717602294233666,3.173833202854163,0.0968389247302155,0.2660646129206944,2.0146996509093413,0.6894768708210486,3.1064275856744237,False
19,369,43,0.10437899459720715,0.5585197708908264,2.7379684788385052,0.05877866308516772,0.3381959155555784,1.173967654207133,0.696725982474945,2.970438596491228,True
20,627,42,0.10289959404558494,1.0192838530482549,2.484161982485465,0.05137202929861267,0.27454933975305285,0.9321886957882302,0.7576031776705487,3.4368421052631577,True
21,536,43,0.07641859939600704,0.993006018555495,2.471743076041842,0.07663312148929617,0.24757128888281044,1.4943144694810653,0.7444455049971175,3.4371052631578944,False
22,442,57,0.09143763551641672,0.6790812617212454,2.3700493383956402,0.08365358992118074,0.26775415689350135,1.9367043306178244,0.6874335166607561,3.0208771929824563,False
23,368,28,0.10373979263565718,1.1371419696270253,2.907305162199342,0.1020737145145383,0.3136565780127721,1.886239721061127,0.7051317042539538,3.367546100880306,False
24,352,59,0.12736923096791314,0.9952050748899849,3.532909347986402,0.10740973291388697,0.2638716818039206,3.4723682750268665,0.6422214500756753,3.3937448790612885,False
25,558,34,0.0985570437750706,0.6741734005268121,2.1543332340716352,0.09000861081858413,0.29993228578098846,0.8303351393507878,0.7516116653206724,3.3089473684210526,False
26,488,36,0.1094925236618122,0.8659332242174056,1.7609974359549283,0.08096923560913585,0.2996537717820803,1.18224528599145,0.7175034973475161,3.235526315789474,True
