market,policy,gain,gain_se,caught,net_U5,net_U10,gain_vs_no_band
1,no price band,86720.70833333333,29046.003615180864,,,,1.0
1,band 7% (HOSE today),89247.20833333333,29846.351768864937,,,,1.0291337564989524
1,band 7% + block at 60-step mean,22140.958333333372,27475.593939003073,,,,0.25531339352336596
1,band 7% + block at 240-step mean,2312.312500000089,21075.931648683276,,,,0.026663902364728407
1,band 7% + inspect 1 per window,20863.125,15850.336476822938,0.16666666666666666,1449.7916666666667,-17963.541666666668,0.24057835090330695
1,band 7% + inspect 3 per window,20863.125,15850.336476822938,0.16666666666666666,1449.7916666666667,-17963.541666666668,0.24057835090330695
5,no price band,128882.625,58626.408791470116,,,,1.0
5,band 7% (HOSE today),116238.54166666667,62175.44950741174,,,,0.9018945856097101
5,band 7% + block at 60-step mean,53569.791666666606,57550.646129592285,,,,0.41564789409485264
5,band 7% + block at 240-step mean,23544.2708333334,43401.66941945115,,,,0.1826799448981847
5,band 7% + inspect 1 per window,4494.416666666667,17499.57840247931,0.6666666666666666,-66176.20833333333,-136846.83333333334,0.03487216889527713
5,band 7% + inspect 3 per window,4494.416666666667,17499.57840247931,0.8333333333333334,-66176.20833333333,-136846.83333333334,0.03487216889527713
11,no price band,95996.75,62055.41284416268,,,,1.0
11,band 7% (HOSE today),92289.08333333333,62176.99964762844,,,,0.961377164678318
11,band 7% + block at 60-step mean,11680.749999999942,55535.89693273265,,,,0.12167859849421925
11,band 7% + block at 240-step mean,-909.3541666665988,39989.19986126252,,,,-0.009472759928503816
11,band 7% + inspect 1 per window,20951.791666666668,21080.172267320733,0.0,20951.791666666668,20951.791666666668,0.2182552187096612
11,band 7% + inspect 3 per window,26364.916666666668,20701.360232156003,0.9166666666666666,-185366.54166666666,-397098.0,0.27464384644966283
19,no price band,111858.125,54454.23545747428,,,,1.0
19,band 7% (HOSE today),108785.16666666667,51807.2748054769,,,,0.9725280722045597
19,band 7% + block at 60-step mean,32476.833333333325,47837.48218840814,,,,0.29033951117393864
19,band 7% + block at 240-step mean,11550.270833333278,36509.39723232195,,,,0.10325821958246911
19,band 7% + inspect 1 per window,7810.375,16209.926698902955,0.16666666666666666,-5308.375,-18427.125,0.06982393992389914
19,band 7% + inspect 3 per window,7810.375,16209.926698902955,0.4166666666666667,-5308.375,-18427.125,0.06982393992389914
20,no price band,108224.79166666667,52291.35536114478,,,,1.0
20,band 7% (HOSE today),101277.33333333333,50656.482617820955,,,,0.9358052972304943
20,band 7% + block at 60-step mean,44362.750000000095,48143.192793796756,,,,0.40991300899555216
20,band 7% + block at 240-step mean,23437.229166666748,34399.78795294854,,,,0.21656063093984623
20,band 7% + inspect 1 per window,12771.083333333334,27958.06951949552,0.0,12771.083333333334,12771.083333333334,0.11800515516507885
20,band 7% + inspect 3 per window,12771.083333333334,27958.06951949552,0.4166666666666667,-121981.41666666667,-256733.91666666666,0.11800515516507885
26,no price band,162125.58333333334,57991.15135746591,,,,1.0
26,band 7% (HOSE today),164567.41666666666,58077.553581097745,,,,1.015061369606997
26,band 7% + block at 60-step mean,90825.75000000013,53949.36635077025,,,,0.5602184931742736
26,band 7% + block at 240-step mean,19033.27083333316,10977.98372507665,,,,0.11739831827898739
26,band 7% + inspect 1 per window,51583.791666666664,30628.81260816075,0.16666666666666666,51583.791666666664,51583.791666666664,0.31817181845143705
26,band 7% + inspect 3 per window,51583.791666666664,30628.81260816075,0.25,-19494.125,-90572.04166666667,0.31817181845143705
