draw,n_noise,n_fund,mm_activity,fund_sigma,mm_imb_sens,mom_activity,cancel_share,daily_vol_pct,retail_share,spread_ticks,ret_acf1,accepted
0,815,92,0.14262589118729796,0.7608921256444778,2.9554050901609195,0.05658900495682795,0.26594328935644246,1.8020525553129512,0.7150674151523168,3.0110526315789476,0.4083356480113621,False
1,599,141,0.18622923366535016,0.31181724024595503,3.3364428785230364,0.05795704139449824,0.3428265845939493,1.094169041256912,0.592043200420075,2.3675877192982453,0.21010516526175743,False
2,653,135,0.19301323287184546,0.5014396142899245,2.966996428595352,0.10164864511045121,0.30388906317543773,1.7779853773918737,0.6378846501112998,2.5795614035087717,-0.0069357605859126275,False
3,791,214,0.15115620947478248,0.6539830449558774,3.2405399916753885,0.0704904524308741,0.2425751786291387,1.873935767439514,0.609460969260794,2.506557213792509,0.10545263947660495,False
4,873,80,0.2752228494579543,0.40888085611181296,2.284965005085842,0.11241977493116101,0.38329287982271715,0.8747304836325366,0.7265835823358396,2.8052631578947365,0.39641585163866616,False
5,748,162,0.18483573973272965,0.7412939067541715,1.575865019156178,0.09948755669589364,0.2642469398656181,2.0166878322506925,0.6382365564694022,2.6058333333333334,0.259269407226536,False
6,684,132,0.11635348843076641,0.6623500471995263,3.828659636853386,0.06450338176567008,0.24894233894196083,1.7034610259939496,0.6531667252919745,2.664035087719298,0.2266626574291486,False
7,724,168,0.15366935631833648,0.7192296760485313,3.305412020355294,0.06531007971981632,0.24892713040702535,1.8649354232301327,0.6341126703163681,2.608891934160202,0.13737127557817047,False
8,624,197,0.2183773979571838,0.6779592355022451,3.5501893754263376,0.08000010330089233,0.2802560819964967,1.8684352878586536,0.5741217421038689,2.4602544476305,-0.06025125498704798,False
9,881,186,0.25812643323992573,0.2716239453454521,3.6244208436653844,0.07757491328426346,0.354794580492145,1.0519815715672614,0.6219102744224825,2.430219298245614,0.198390621684467,True
10,856,147,0.12634022255647573,0.6888984414629655,2.2299465399696277,0.11097974048555123,0.23595940454184278,1.8996847376505035,0.6825383283955073,2.7894736842105265,0.20076944552324633,False
11,516,118,0.2011257493715602,0.4797593547913169,3.0322737297560978,0.06376474678404866,0.33877609669407005,1.3718398353441903,0.6155462598715041,2.499254385964912,0.053355686999606536,True
12,809,105,0.23443486941697084,0.7265563928584942,2.9174446861322805,0.11447557740980509,0.309689367762353,1.77622839643212,0.6996914789531216,2.9049122807017547,0.32241699531850304,False
13,664,109,0.2531622024264973,0.31829111792896037,3.910894302235699,0.09365849096743062,0.38707810548987,1.1617585899305778,0.6356695870034837,2.4870890336992675,0.1848518034930791,False
14,890,165,0.2747005773638723,0.7509228996521398,3.474793690221386,0.05378656305096757,0.29938612609375753,2.201442697904432,0.6343955541016846,2.564524538883696,0.29270236332427685,False
15,691,132,0.11528105898978425,0.3354693070258601,2.034667476730368,0.1101049352516133,0.28635263583646825,1.122411418856862,0.6406151333878465,2.535833333333333,0.041642646728194635,True
16,673,97,0.1534163983101009,0.5449928852470328,3.623651027973842,0.11756619945861628,0.3004204036235314,2.0700224489439973,0.6719554294295088,2.6991971328037847,0.3480163813673265,False
17,871,179,0.13846369949749868,0.5814878770206029,3.2648976074672174,0.05363177694086376,0.2514650588543278,1.7932563244543251,0.6453152763656204,2.5883339510748704,0.12398889775619795,False
18,583,175,0.1662907303250346,0.6127902007454458,3.173833202854163,0.0968389247302155,0.2789301467653338,1.7106853896957115,0.5597833676239106,2.346359649122807,0.1403054283790049,False
19,478,153,0.19985273784371607,0.3387047995294731,2.7379684788385052,0.05877866308516772,0.3570487683867953,1.19695332299298,0.5350444196716097,2.3133771929824563,0.19912302463799467,False
20,866,147,0.1965240866025661,0.741873371417223,2.484161982485465,0.05137202929861267,0.2686569186752868,1.9331304639676468,0.6747798848329404,2.773421052631579,0.24026010491718716,False
21,728,154,0.13694184864101583,0.718880266236058,2.471743076041842,0.07663312148929617,0.24477398584039362,1.8462943274480759,0.6497417627357442,2.6647807017543856,0.223247441475631,False
22,588,208,0.17073467991193764,0.44419610400608966,2.3700493383956402,0.08365358992118074,0.2831251214335389,1.4032150595477035,0.5255001877337491,2.2887280701754382,0.13375629996316338,False
23,478,93,0.19841453343022863,0.8449992234236472,2.907305162199342,0.1020737145145383,0.3070429250922172,2.271278244619146,0.6157051619257246,2.6744298245614035,0.13826550311703487,False
24,453,213,0.25158076967780457,0.7208044405287368,3.532909347986402,0.10740973291388697,0.29876268969873354,2.4447999461490615,0.4815117265131744,2.2931194854622285,0.0268523668941013,False
25,762,115,0.18675334849390887,0.4399017254609605,2.1543332340716352,0.09000861081858413,0.3161950834030852,1.2975976327061125,0.6922660209983876,2.75,0.40315878153806467,False
26,657,124,0.21135817823907743,0.60769157119023,1.7609974359549283,0.08096923560913585,0.3078025405274464,1.9066153286784921,0.6625721293665916,2.714956140350877,0.2785358872600463,False
27,869,134,0.22719743399806924,0.26169299066727003,1.9223954311499931,0.08588182191688438,0.34782853812972475,1.055528758402804,0.6805404630924788,2.6048245614035084,0.33655533668387666,False
28,706,137,0.2197624024327095,0.4329996814290952,1.99304692086249,0.11522917962849366,0.3352981591569051,1.3521355829815813,0.6512664299273054,2.5631800900742823,0.02578587343408956,True
